abgefragt_utc,messung_ts,wasser_c,luft_c
2026-05-18T09:36:34Z,2026-05-18 09:00:00,13.5,13.0
2026-05-18T13:13:24Z,2026-05-18 13:30:00,14.5,17.0
2026-05-18T14:00:35Z,2026-05-18 13:30:00,14.5,17.0
2026-05-18T15:00:37Z,2026-05-18 13:30:00,14.5,17.0
2026-05-18T16:00:36Z,2026-05-18 13:30:00,14.5,17.0
2026-05-18T17:00:41Z,2026-05-18 13:30:00,14.5,17.0
2026-05-18T17:48:49Z,2026-05-18 13:30:00,14.5,17.0
2026-05-18T18:00:42Z,2026-05-18 13:30:00,14.5,17.0
2026-05-18T19:00:31Z,2026-05-18 13:30:00,14.5,17.0
2026-05-18T20:00:30Z,2026-05-18 13:30:00,14.5,17.0
2026-05-18T21:00:30Z,2026-05-18 13:30:00,14.5,17.0
2026-05-18T21:55:45Z,2026-05-18 13:30:00,14.5,17.0
2026-05-18T22:00:33Z,2026-05-18 13:30:00,14.5,17.0
2026-05-18T23:00:32Z,2026-05-18 13:30:00,14.5,17.0
2026-05-19T00:00:32Z,2026-05-18 13:30:00,14.5,17.0
2026-05-19T01:00:32Z,2026-05-18 13:30:00,14.5,17.0
2026-05-19T02:00:31Z,2026-05-18 13:30:00,14.5,17.0
2026-05-19T03:00:31Z,2026-05-18 13:30:00,14.5,17.0
2026-05-19T04:00:30Z,2026-05-18 13:30:00,14.5,17.0
2026-05-19T06:00:31Z,2026-05-18 13:30:00,14.5,17.0
2026-05-19T07:00:37Z,2026-05-18 13:30:00,14.5,17.0
2026-05-19T08:00:35Z,2026-05-19 09:00:00,14.0,11.0
2026-05-19T09:00:37Z,2026-05-19 09:00:00,14.0,11.0
2026-05-19T10:00:34Z,2026-05-19 09:00:00,14.0,11.0
2026-05-19T10:47:54Z,2026-05-19 12:00:00,14.5,16.0
2026-05-19T11:00:33Z,2026-05-19 12:00:00,14.5,16.0
2026-05-19T12:00:33Z,2026-05-19 12:00:00,14.5,16.0
2026-05-19T13:00:34Z,2026-05-19 14:00:00,14.5,17.0
2026-05-19T14:00:36Z,2026-05-19 14:00:00,14.5,17.0
2026-05-19T15:00:45Z,2026-05-19 16:00:00,14.9,19.0
2026-05-19T16:00:34Z,2026-05-19 16:00:00,14.9,19.0
2026-05-19T17:00:34Z,2026-05-19 16:00:00,14.9,19.0
2026-05-19T18:00:33Z,2026-05-19 16:00:00,14.9,19.0
2026-05-19T18:19:45Z,2026-05-19 16:00:00,14.9,19.0
2026-05-19T19:00:33Z,2026-05-19 16:00:00,14.9,19.0
2026-05-19T20:00:34Z,2026-05-19 16:00:00,14.9,19.0
2026-05-19T21:00:32Z,2026-05-19 16:00:00,14.9,19.0
2026-05-19T22:00:35Z,2026-05-19 16:00:00,14.9,19.0
2026-05-19T22:52:28Z,2026-05-19 16:00:00,14.9,19.0
2026-05-19T23:00:32Z,2026-05-19 16:00:00,14.9,19.0
2026-05-20T00:00:34Z,2026-05-19 16:00:00,14.9,19.0
2026-05-20T01:00:31Z,2026-05-19 16:00:00,14.9,19.0
2026-05-20T02:00:32Z,2026-05-19 16:00:00,14.9,19.0
2026-05-20T03:00:33Z,2026-05-19 16:00:00,14.9,19.0
2026-05-20T04:00:32Z,2026-05-19 16:00:00,14.9,19.0
2026-05-20T05:00:31Z,2026-05-19 16:00:00,14.9,19.0
2026-05-20T06:00:33Z,2026-05-19 16:00:00,14.9,19.0
2026-05-20T07:00:32Z,2026-05-19 16:00:00,14.9,19.0
2026-05-20T08:00:31Z,2026-05-19 16:00:00,14.9,19.0
2026-05-20T09:00:33Z,2026-05-19 16:00:00,14.9,19.0
2026-05-20T10:00:32Z,2026-05-19 16:00:00,14.9,19.0
2026-05-20T10:36:56Z,2026-05-19 16:00:00,14.9,19.0
2026-05-20T11:00:34Z,2026-05-20 13:00:00,15.0,17.0
2026-05-20T12:00:32Z,2026-05-20 13:00:00,15.0,17.0
2026-05-20T13:00:36Z,2026-05-20 13:00:00,15.0,17.0
2026-05-20T14:00:36Z,2026-05-20 16:00:00,15.0,17.0
2026-05-20T15:00:36Z,2026-05-20 16:00:00,15.0,17.0
2026-05-20T16:00:40Z,2026-05-20 16:00:00,15.0,17.0
2026-05-20T17:00:40Z,2026-05-20 16:00:00,15.0,17.0
2026-05-20T18:00:33Z,2026-05-20 16:00:00,15.0,17.0
2026-05-20T19:00:33Z,2026-05-20 16:00:00,15.0,17.0
2026-05-20T19:35:47Z,2026-05-20 16:00:00,15.0,17.0
2026-05-20T20:00:31Z,2026-05-20 16:00:00,15.0,17.0
2026-05-20T21:00:31Z,2026-05-20 16:00:00,15.0,17.0
2026-05-20T22:00:31Z,2026-05-20 16:00:00,15.0,17.0
2026-05-20T23:00:31Z,2026-05-20 16:00:00,15.0,17.0
2026-05-21T00:00:34Z,2026-05-20 16:00:00,15.0,17.0
2026-05-21T00:01:54Z,2026-05-20 16:00:00,15.0,17.0
2026-05-21T01:00:31Z,2026-05-20 16:00:00,15.0,17.0
2026-05-21T02:00:31Z,2026-05-20 16:00:00,15.0,17.0
2026-05-21T03:00:32Z,2026-05-20 16:00:00,15.0,17.0
2026-05-21T04:00:34Z,2026-05-20 16:00:00,15.0,17.0
2026-05-21T05:00:32Z,2026-05-20 16:00:00,15.0,17.0
2026-05-21T06:00:31Z,2026-05-20 16:00:00,15.0,17.0
2026-05-21T07:00:33Z,2026-05-20 16:00:00,15.0,17.0
2026-05-21T08:00:33Z,2026-05-20 16:00:00,15.0,17.0
2026-05-21T09:00:34Z,2026-05-20 16:00:00,15.0,17.0
2026-05-21T10:00:36Z,2026-05-20 16:00:00,15.0,17.0
2026-05-21T11:00:35Z,2026-05-20 16:00:00,15.0,17.0
2026-05-21T12:00:38Z,2026-05-21 13:00:00,15.5,19.0
2026-05-21T12:33:30Z,2026-05-21 14:00:00,15.5,19.0
2026-05-21T13:00:39Z,2026-05-21 14:00:00,15.5,19.0
2026-05-21T14:00:50Z,2026-05-21 14:00:00,15.5,19.0
2026-05-21T15:00:45Z,2026-05-21 14:00:00,15.5,19.0
2026-05-21T16:00:41Z,,15.5,19.0
2026-05-21T17:00:37Z,,16.0,19.0
2026-05-21T18:00:35Z,,16.0,19.0
2026-05-21T19:00:35Z,,16.0,19.0
2026-05-21T19:30:21Z,,16.0,19.0
2026-05-21T20:00:34Z,,16.0,19.0
2026-05-21T21:00:34Z,,16.0,19.0
2026-05-21T22:00:31Z,,16.0,19.0
2026-05-21T23:00:32Z,,16.0,19.0
2026-05-21T23:38:19Z,,16.0,19.0
2026-05-22T00:00:33Z,,16.0,19.0
2026-05-22T01:00:31Z,,16.0,19.0
2026-05-22T02:00:33Z,,16.0,19.0
2026-05-22T03:00:34Z,,16.0,19.0
2026-05-22T04:00:31Z,,16.0,19.0
2026-05-22T05:00:33Z,,16.0,19.0
2026-05-22T06:00:32Z,,16.0,19.0
2026-05-22T07:00:33Z,,16.0,19.0
2026-05-22T08:00:33Z,,16.0,18.0
2026-05-22T09:00:34Z,,16.0,18.0
2026-05-22T10:00:34Z,,16.0,18.0
2026-05-22T10:38:58Z,,17.0,23.0
2026-05-22T11:00:35Z,,17.0,23.0
2026-05-22T12:00:34Z,,17.0,23.0
2026-05-22T13:00:39Z,,17.0,23.0
2026-05-22T14:00:35Z,,17.5,25.0
2026-05-22T15:00:35Z,,17.5,25.0
2026-05-22T16:00:36Z,,17.5,25.0
2026-05-22T17:00:35Z,,17.5,25.0
2026-05-22T17:29:46Z,,17.5,25.0
2026-05-22T18:00:34Z,,17.5,25.0
2026-05-22T19:00:34Z,,17.5,25.0
2026-05-22T20:00:33Z,,17.5,25.0
2026-05-22T21:00:33Z,,17.5,25.0
2026-05-22T21:48:58Z,,17.5,25.0
2026-05-22T22:00:30Z,,17.5,25.0
2026-05-22T23:00:31Z,,17.5,25.0
2026-05-23T00:00:32Z,,17.5,25.0
2026-05-23T01:00:31Z,,17.5,25.0
2026-05-23T02:00:32Z,,17.5,25.0
2026-05-23T03:00:31Z,,17.5,25.0
2026-05-23T04:00:32Z,,17.5,25.0
2026-05-23T05:00:29Z,,17.5,25.0
2026-05-23T06:00:31Z,,17.5,25.0
2026-05-23T07:00:32Z,,17.5,25.0
2026-05-23T07:41:57Z,,17.6,20.0
2026-05-23T08:00:35Z,,17.6,20.0
2026-05-23T09:00:32Z,,17.6,20.0
2026-05-23T10:00:30Z,,17.6,20.0
2026-05-23T11:47:10Z,,17.6,20.0
2026-05-23T12:00:31Z,,17.6,20.0
2026-05-23T13:00:32Z,,19.0,27.0
2026-05-23T14:00:30Z,,19.0,27.0
2026-05-23T15:00:32Z,,19.0,27.0
2026-05-23T15:48:21Z,,19.4,28.0
2026-05-23T17:00:30Z,,19.4,28.0
2026-05-23T18:00:31Z,,19.4,28.0
2026-05-23T19:00:33Z,,19.4,28.0
2026-05-23T19:58:07Z,,19.4,28.0
2026-05-23T20:00:29Z,,19.4,28.0
2026-05-23T21:00:31Z,,19.4,28.0
2026-05-23T22:00:32Z,,19.4,28.0
2026-05-23T23:00:32Z,,19.4,28.0
2026-05-23T23:14:07Z,,19.4,28.0
2026-05-24T00:00:34Z,,19.4,28.0
2026-05-24T01:00:31Z,,19.4,28.0
2026-05-24T02:00:31Z,,19.4,28.0
2026-05-24T03:00:32Z,,19.4,28.0
2026-05-24T04:00:32Z,,19.4,28.0
2026-05-24T05:00:28Z,,19.4,28.0
2026-05-24T06:00:30Z,,18.0,14.0
2026-05-24T07:00:33Z,,18.0,14.0
2026-05-24T08:00:31Z,,18.0,14.0
2026-05-24T09:00:32Z,,18.0,14.0
2026-05-24T09:10:36Z,,18.0,14.0
2026-05-24T10:00:31Z,,18.0,14.0
2026-05-24T11:00:34Z,,18.9,27.0
2026-05-24T12:00:32Z,,18.9,27.0
2026-05-24T13:00:31Z,,19.8,29.0
2026-05-24T14:00:33Z,,19.8,29.0
2026-05-24T14:50:15Z,,19.8,29.0
2026-05-24T15:00:30Z,,19.8,29.0
2026-05-24T16:00:32Z,,19.8,29.0
2026-05-24T17:00:32Z,,19.8,29.0
2026-05-24T18:00:30Z,,19.8,29.0
2026-05-24T18:14:27Z,,19.8,29.0
2026-05-24T19:00:30Z,,19.8,29.0
2026-05-24T20:00:29Z,,19.8,29.0
2026-05-24T21:00:30Z,,19.8,29.0
2026-05-24T22:00:32Z,,19.8,29.0
2026-05-24T22:14:52Z,,19.8,29.0
2026-05-24T23:00:32Z,,19.8,29.0
2026-05-25T00:00:35Z,,19.8,29.0
2026-05-25T01:00:31Z,,19.8,29.0
2026-05-25T02:00:30Z,,19.8,29.0
2026-05-25T03:00:32Z,,19.8,29.0
2026-05-25T04:00:31Z,,19.8,29.0
2026-05-25T05:00:30Z,,19.8,29.0
2026-05-25T06:00:32Z,,19.8,29.0
2026-05-25T07:00:33Z,,19.8,29.0
2026-05-25T08:00:32Z,,19.7,23.0
2026-05-25T09:00:33Z,,19.7,23.0
2026-05-25T10:00:33Z,,19.7,23.0
2026-05-25T11:00:35Z,,20.7,27.0
2026-05-25T12:00:35Z,,20.7,27.0
2026-05-25T12:13:41Z,,20.7,27.0
2026-05-25T13:00:34Z,,21.2,30.0
2026-05-25T14:00:34Z,,21.2,30.0
2026-05-25T15:00:35Z,,21.2,30.0
2026-05-25T16:00:35Z,,21.2,30.0
2026-05-25T18:00:35Z,,21.2,30.0
2026-05-25T18:23:35Z,,21.2,30.0
2026-05-25T19:00:33Z,,21.2,30.0
2026-05-25T20:00:39Z,,21.2,30.0
2026-05-25T21:00:32Z,,21.2,30.0
2026-05-25T22:00:32Z,,21.2,30.0
2026-05-25T22:39:51Z,,21.2,30.0
2026-05-25T23:00:30Z,,21.2,30.0
2026-05-26T00:00:34Z,,21.2,30.0
2026-05-26T01:00:31Z,,21.2,30.0
2026-05-26T02:00:33Z,,21.2,30.0
2026-05-26T03:00:34Z,,21.2,30.0
2026-05-26T04:00:33Z,,21.2,30.0
2026-05-26T05:00:32Z,,21.2,30.0
2026-05-26T06:00:35Z,,21.2,30.0
2026-05-26T07:00:36Z,,21.2,30.0
2026-05-26T08:00:33Z,,21.2,30.0
2026-05-26T09:00:39Z,,20.8,25.0
2026-05-26T10:00:39Z,,20.8,25.0
2026-05-26T13:00:36Z,,21.4,29.0
2026-05-26T14:00:40Z,,21.4,29.0
2026-05-26T15:00:39Z,,22.4,31.0
2026-05-26T16:00:38Z,,22.4,31.0
2026-05-26T17:00:34Z,,22.4,31.0
2026-05-26T18:00:34Z,,22.4,31.0
2026-05-26T19:00:37Z,,22.4,31.0
2026-05-26T19:35:21Z,,22.4,31.0
2026-05-26T20:00:37Z,,22.4,31.0
2026-05-26T21:00:34Z,,22.4,31.0
2026-05-26T22:00:32Z,,22.4,31.0
2026-05-26T23:00:32Z,,22.4,31.0
2026-05-26T23:51:29Z,,22.4,31.0
2026-05-27T00:00:33Z,,22.4,31.0
2026-05-27T01:00:34Z,,22.4,31.0
2026-05-27T02:00:33Z,,22.4,31.0
2026-05-27T03:00:34Z,,22.4,31.0
2026-05-27T04:00:33Z,,22.4,31.0
2026-05-27T05:00:33Z,,22.4,31.0
2026-05-27T06:00:34Z,,22.4,31.0
2026-05-27T07:00:36Z,,21.6,21.0
2026-05-27T08:00:36Z,,21.6,21.0
2026-05-27T09:00:36Z,,21.6,21.0
2026-05-27T10:00:38Z,,21.6,21.0
2026-05-27T11:00:36Z,,21.6,21.0
2026-05-27T12:01:37Z,,21.6,21.0
2026-05-27T12:38:36Z,,22.6,30.0
2026-05-27T13:01:01Z,,22.6,30.0
2026-05-27T14:00:39Z,,22.6,30.0
2026-05-27T15:00:38Z,,22.6,30.0
2026-05-27T16:00:41Z,,23.0,30.0
2026-05-27T17:00:38Z,,23.0,30.0
2026-05-27T18:00:39Z,,23.0,30.0
2026-05-27T19:00:36Z,,23.0,30.0
2026-05-27T20:00:35Z,,23.0,30.0
2026-05-27T20:56:47Z,,23.0,30.0
2026-05-27T21:00:32Z,,23.0,30.0
2026-05-27T22:00:36Z,,23.0,30.0
2026-05-27T23:00:32Z,,23.0,30.0
2026-05-28T00:00:34Z,,23.0,30.0
2026-05-28T01:00:35Z,,23.0,30.0
2026-05-28T02:00:34Z,,23.0,30.0
2026-05-28T03:00:37Z,,23.0,30.0
2026-05-28T04:00:33Z,,23.0,30.0
2026-05-28T05:00:33Z,,23.0,30.0
2026-05-28T06:00:33Z,,23.0,30.0
2026-05-28T07:00:37Z,,23.0,30.0
2026-05-28T08:00:34Z,,23.0,30.0
2026-05-28T09:00:40Z,,22.1,18.0
2026-05-28T10:00:36Z,,22.1,18.0
2026-05-28T11:00:36Z,,22.7,24.0
2026-05-28T11:06:00Z,,22.7,24.0
2026-05-28T12:00:37Z,,22.7,24.0
2026-05-28T13:00:37Z,,23.0,25.0
2026-05-28T14:00:40Z,,23.0,25.0
2026-05-28T15:00:38Z,,23.0,25.0
2026-05-28T16:00:42Z,,23.5,27.0
2026-05-28T17:00:37Z,,23.5,27.0
2026-05-28T18:00:35Z,,23.5,27.0
2026-05-28T19:00:35Z,,23.5,27.0
2026-05-28T20:00:38Z,,23.5,27.0
2026-05-28T20:40:28Z,,23.5,27.0
2026-05-28T21:00:41Z,,23.5,27.0
2026-05-28T22:00:34Z,,23.5,27.0
2026-05-28T23:00:33Z,,23.5,27.0
2026-05-29T00:00:35Z,,23.5,27.0
2026-05-29T01:00:31Z,,23.5,27.0
2026-05-29T02:00:33Z,,23.5,27.0
2026-05-29T03:00:35Z,,23.5,27.0
2026-05-29T04:00:34Z,,23.5,27.0
2026-05-29T06:00:33Z,,23.5,27.0
2026-05-29T07:00:47Z,,23.5,27.0
2026-05-29T08:00:35Z,,23.5,27.0
2026-05-29T09:00:35Z,,22.0,23.0
2026-05-29T10:00:38Z,,22.0,23.0
2026-05-29T10:54:30Z,,22.1,25.0
2026-05-29T11:00:35Z,,22.1,25.0
2026-05-29T12:00:40Z,,22.1,25.0
2026-05-29T13:00:40Z,,22.1,25.0
2026-05-29T14:00:41Z,,22.1,25.0
2026-05-29T15:00:38Z,,23.0,28.0
2026-05-29T16:00:40Z,,23.0,28.0
2026-05-29T17:00:37Z,,23.0,28.0
2026-05-29T18:00:37Z,,23.0,28.0
2026-05-29T19:00:35Z,,23.0,28.0
2026-05-29T19:55:09Z,,23.0,28.0
2026-05-29T20:00:33Z,,23.0,28.0
2026-05-29T21:00:34Z,,23.0,28.0
2026-05-29T22:00:33Z,,23.0,28.0
2026-05-29T23:00:33Z,,23.0,28.0
2026-05-30T00:00:34Z,,23.0,28.0
2026-05-30T00:16:03Z,,23.0,28.0
2026-05-30T01:00:33Z,,23.0,28.0
2026-05-30T02:00:33Z,,23.0,28.0
2026-05-30T03:00:34Z,,23.0,28.0
2026-05-30T04:00:32Z,,23.0,28.0
2026-05-30T06:00:34Z,,23.0,28.0
2026-05-30T07:00:34Z,,23.0,28.0
2026-05-30T08:00:34Z,,23.0,28.0
2026-05-30T09:00:35Z,,23.0,28.0
2026-05-30T09:25:14Z,,23.0,28.0
2026-05-30T10:00:39Z,,22.0,24.0
2026-05-30T11:00:41Z,,22.0,24.0
2026-05-30T12:00:33Z,,22.0,24.0
2026-05-30T13:00:32Z,,22.8,29.0
2026-05-30T14:00:34Z,,22.8,29.0
2026-05-30T14:53:12Z,,22.8,29.0
2026-05-30T15:00:32Z,,22.8,29.0
2026-05-30T16:00:34Z,,22.8,29.0
2026-05-30T17:00:32Z,,23.0,29.0
2026-05-30T18:00:32Z,,23.0,29.0
2026-05-30T18:48:34Z,,23.0,29.0
2026-05-30T19:00:31Z,,23.0,29.0
2026-05-30T20:00:33Z,,23.0,29.0
2026-05-30T21:00:31Z,,23.0,29.0
2026-05-30T22:00:34Z,,23.0,29.0
2026-05-30T22:33:35Z,,23.0,29.0
2026-05-30T23:00:32Z,,23.0,29.0
2026-05-31T00:00:35Z,,23.0,29.0
2026-05-31T01:00:31Z,,23.0,29.0
2026-05-31T02:00:32Z,,23.0,29.0
2026-05-31T03:00:34Z,,23.0,29.0
2026-05-31T04:00:31Z,,23.0,29.0
2026-05-31T05:00:32Z,,23.0,29.0
2026-05-31T06:00:35Z,,23.0,29.0
2026-05-31T07:00:36Z,,23.0,29.0
2026-05-31T08:00:36Z,,23.0,29.0
2026-05-31T09:00:33Z,,22.0,24.0
2026-05-31T09:49:07Z,,22.0,24.0
2026-05-31T10:00:35Z,,22.0,24.0
2026-05-31T11:00:35Z,,22.0,24.0
2026-05-31T12:00:35Z,,22.0,24.0
2026-05-31T13:00:40Z,,22.0,24.0
2026-05-31T14:00:36Z,,22.0,24.0
2026-05-31T15:00:33Z,,22.8,22.0
2026-05-31T15:04:54Z,,22.8,22.0
2026-05-31T16:00:32Z,,22.8,22.0
2026-05-31T17:00:34Z,,22.8,22.0
2026-05-31T19:59:27Z,,22.8,22.0
2026-05-31T20:00:30Z,,22.8,22.0
2026-05-31T21:00:31Z,,22.8,22.0
2026-05-31T22:00:34Z,,22.8,22.0
2026-05-31T23:00:30Z,,22.8,22.0
2026-05-31T23:47:29Z,,22.8,22.0
2026-06-01T00:00:36Z,,22.8,22.0
2026-06-01T01:00:33Z,,22.8,22.0
2026-06-01T02:00:32Z,,22.8,22.0
2026-06-01T03:00:37Z,,22.8,22.0
2026-06-01T04:00:33Z,,22.8,22.0
2026-06-01T05:00:34Z,,22.8,22.0
2026-06-01T06:00:36Z,,22.8,22.0
2026-06-01T07:00:35Z,,22.8,22.0
2026-06-01T08:00:38Z,,22.8,22.0
2026-06-01T09:00:38Z,,21.9,18.0
2026-06-01T10:00:40Z,,21.9,18.0
2026-06-01T11:00:42Z,,21.9,20.0
2026-06-01T12:00:42Z,,22.1,20.0
2026-06-01T13:00:40Z,,22.1,20.0
2026-06-01T14:00:42Z,,22.1,20.0
2026-06-01T15:00:40Z,,22.1,20.0
2026-06-01T16:00:41Z,,22.7,24.0
2026-06-01T17:00:40Z,,22.7,24.0
2026-06-01T18:00:36Z,,22.7,24.0
2026-06-01T19:00:37Z,,22.7,24.0
2026-06-01T19:30:47Z,,22.7,24.0
2026-06-01T20:00:35Z,,22.7,24.0
2026-06-01T21:00:35Z,,22.7,24.0
2026-06-01T22:00:36Z,,22.7,24.0
2026-06-01T23:00:34Z,,22.7,24.0
2026-06-02T00:00:37Z,,22.7,24.0
2026-06-02T01:00:33Z,,22.7,24.0
2026-06-02T02:00:36Z,,22.7,24.0
2026-06-02T03:00:35Z,,22.7,24.0
2026-06-02T04:00:37Z,,22.7,24.0
2026-06-02T06:00:34Z,,22.7,24.0
2026-06-02T07:00:38Z,,21.6,18.0
2026-06-02T08:00:40Z,,21.6,18.0
2026-06-02T09:00:41Z,,21.6,18.0
2026-06-02T10:00:42Z,,21.8,21.0
2026-06-02T11:00:43Z,,21.8,21.0
2026-06-02T11:53:52Z,,21.8,21.0
2026-06-02T12:00:41Z,,21.8,21.0
2026-06-02T13:00:43Z,,21.8,21.0
2026-06-02T14:00:45Z,,22.3,26.0
2026-06-02T15:00:42Z,,22.3,26.0
2026-06-02T16:00:40Z,,22.3,26.0
2026-06-02T17:00:40Z,,22.3,26.0
2026-06-02T18:00:42Z,,22.3,26.0
2026-06-02T19:00:44Z,,22.3,26.0
2026-06-02T20:00:37Z,,22.3,26.0
2026-06-02T21:00:42Z,,22.3,26.0
2026-06-02T22:00:35Z,,22.3,26.0
2026-06-02T22:06:55Z,,22.3,26.0
2026-06-02T23:00:35Z,,22.3,26.0
2026-06-03T00:00:36Z,,22.3,26.0
2026-06-03T01:00:35Z,,22.3,26.0
2026-06-03T02:00:34Z,,22.3,26.0
2026-06-03T03:00:38Z,,22.3,26.0
2026-06-03T04:00:34Z,,22.3,26.0
2026-06-03T05:00:32Z,,22.3,26.0
2026-06-03T06:00:39Z,,22.3,26.0
2026-06-03T07:00:39Z,,22.3,26.0
2026-06-03T08:00:36Z,,22.3,26.0
2026-06-03T09:00:40Z,,20.9,15.0
2026-06-03T10:00:39Z,,20.9,15.0
2026-06-03T11:00:39Z,,20.9,15.0
2026-06-03T12:00:39Z,,20.9,15.0
2026-06-03T13:00:43Z,,20.9,15.0
2026-06-03T14:00:41Z,,21.0,18.0
2026-06-03T15:00:41Z,,21.0,18.0
2026-06-03T16:00:44Z,,21.0,18.0
2026-06-03T16:05:23Z,,21.0,18.0
2026-06-03T17:00:42Z,,21.0,18.0
2026-06-03T18:00:37Z,,21.0,18.0
2026-06-03T19:00:40Z,,21.0,18.0
2026-06-03T20:00:40Z,,21.0,18.0
2026-06-03T21:00:39Z,,21.0,18.0
2026-06-03T22:00:39Z,,21.0,18.0
2026-06-03T23:00:34Z,,21.0,18.0
2026-06-03T23:22:30Z,,21.0,18.0
2026-06-04T00:00:38Z,,21.0,18.0
2026-06-04T01:00:36Z,,21.0,18.0
2026-06-04T02:00:33Z,,21.0,18.0
2026-06-04T03:00:35Z,,21.0,18.0
2026-06-04T04:00:32Z,,21.0,18.0
2026-06-04T05:00:34Z,,21.0,18.0
2026-06-04T06:00:38Z,,21.0,18.0
2026-06-04T07:00:34Z,,21.0,18.0
2026-06-04T08:00:42Z,,20.0,18.0
2026-06-04T09:00:40Z,,20.0,18.0
2026-06-04T10:00:39Z,,20.0,18.0
2026-06-04T11:00:41Z,,20.7,21.0
2026-06-04T11:36:50Z,,20.7,21.0
2026-06-04T12:00:40Z,,20.7,21.0
2026-06-04T14:00:43Z,,20.7,21.0
2026-06-04T15:00:43Z,,20.7,21.0
2026-06-04T16:00:39Z,,20.7,21.0
2026-06-04T17:00:40Z,,20.7,21.0
2026-06-04T18:00:36Z,,20.7,21.0
2026-06-04T19:00:38Z,,20.7,21.0
2026-06-04T19:48:51Z,,20.7,21.0
2026-06-04T20:00:35Z,,20.7,21.0
2026-06-04T21:00:34Z,,20.7,21.0
2026-06-04T22:00:34Z,,20.7,21.0
2026-06-04T23:00:32Z,,20.7,21.0
2026-06-04T23:56:56Z,,20.7,21.0
2026-06-05T00:00:38Z,,20.7,21.0
2026-06-05T01:00:37Z,,20.7,21.0
2026-06-05T02:00:38Z,,20.7,21.0
2026-06-05T03:00:36Z,,20.7,21.0
2026-06-05T04:00:36Z,,20.7,21.0
2026-06-05T05:00:34Z,,20.7,21.0
2026-06-05T06:00:34Z,,20.7,21.0
2026-06-05T07:00:35Z,,20.7,21.0
2026-06-05T08:00:40Z,,20.7,21.0
2026-06-05T09:00:39Z,,19.0,13.0
2026-06-05T10:00:42Z,,20.3,17.0
2026-06-05T11:00:38Z,,20.3,17.0
2026-06-05T11:52:49Z,,20.3,17.0
2026-06-05T12:00:40Z,,20.3,17.0
2026-06-05T13:00:39Z,,20.3,17.0
2026-06-05T14:00:42Z,,20.6,19.0
2026-06-05T15:00:39Z,,20.6,19.0
2026-06-05T16:00:36Z,,20.6,19.0
2026-06-05T17:00:38Z,,20.6,19.0
2026-06-05T18:00:35Z,,20.6,19.0
2026-06-05T18:31:00Z,,20.6,19.0
2026-06-05T19:00:37Z,,20.6,19.0
2026-06-05T20:00:34Z,,20.6,19.0
2026-06-05T21:00:33Z,,20.6,19.0
2026-06-05T22:00:35Z,,20.6,19.0
2026-06-05T22:48:19Z,,20.6,19.0
2026-06-05T23:00:33Z,,20.6,19.0
2026-06-06T00:00:37Z,,20.6,19.0
2026-06-06T01:00:33Z,,20.6,19.0
2026-06-06T02:00:33Z,,20.6,19.0
2026-06-06T03:00:36Z,,20.6,19.0
2026-06-06T04:00:33Z,,20.6,19.0
2026-06-06T06:00:32Z,,20.6,19.0
2026-06-06T07:00:35Z,,19.0,14.0
2026-06-06T08:00:33Z,,19.0,14.0
2026-06-06T08:17:41Z,,19.0,14.0
2026-06-06T09:00:41Z,,19.0,14.0
2026-06-06T10:00:35Z,,19.5,17.0
2026-06-06T11:00:34Z,,19.5,17.0
2026-06-06T12:00:37Z,,20.0,21.0
2026-06-06T13:00:37Z,,20.0,21.0
2026-06-06T14:00:36Z,,20.0,21.0
2026-06-06T14:54:22Z,,20.0,21.0
2026-06-06T15:00:37Z,,20.0,21.0
2026-06-06T16:00:35Z,,20.0,21.0
2026-06-06T17:01:44Z,,20.0,21.0
2026-06-06T18:02:16Z,,20.0,21.0
2026-06-06T19:01:46Z,,20.0,21.0
2026-06-06T19:55:50Z,,20.0,21.0
2026-06-06T20:01:34Z,,20.0,21.0
2026-06-06T21:01:47Z,,20.0,21.0
2026-06-06T22:01:52Z,,20.0,21.0
2026-06-06T23:01:57Z,,20.0,21.0
2026-06-06T23:45:05Z,,20.0,21.0
2026-06-07T00:00:37Z,,20.0,21.0
2026-06-07T01:01:44Z,,20.0,21.0
2026-06-07T02:00:32Z,,20.0,21.0
2026-06-07T03:01:20Z,,20.0,21.0
2026-06-07T04:01:50Z,,20.0,21.0
2026-06-07T05:01:50Z,,20.0,21.0
2026-06-07T06:00:33Z,,20.0,21.0
2026-06-07T07:01:28Z,,20.0,21.0
2026-06-07T08:00:34Z,,20.0,21.0
2026-06-07T09:00:33Z,,20.0,21.0
2026-06-07T10:00:37Z,,20.0,21.0
2026-06-07T10:14:48Z,,20.0,21.0
2026-06-07T11:00:35Z,,20.1,19.0
2026-06-07T12:00:36Z,,20.1,19.0
2026-06-07T13:00:36Z,,20.1,19.0
2026-06-07T14:00:35Z,,21.0,24.0
2026-06-07T15:00:34Z,,21.0,24.0
2026-06-07T15:55:29Z,,21.0,24.0
2026-06-07T16:00:33Z,,21.0,24.0
2026-06-07T17:00:33Z,,21.0,24.0
2026-06-07T18:00:31Z,,21.0,24.0
2026-06-07T19:00:35Z,,21.0,24.0
2026-06-07T20:00:33Z,,21.0,24.0
2026-06-07T20:46:26Z,,21.0,24.0
2026-06-07T21:00:34Z,,21.0,24.0
2026-06-07T22:00:34Z,,21.0,24.0
2026-06-07T23:00:32Z,,21.0,24.0
2026-06-08T00:00:35Z,,21.0,24.0
2026-06-08T01:00:31Z,,21.0,24.0
2026-06-08T02:00:36Z,,21.0,24.0
2026-06-08T03:00:33Z,,21.0,24.0
2026-06-08T04:00:35Z,,21.0,24.0
2026-06-08T05:00:33Z,,21.0,24.0
2026-06-08T06:00:35Z,,21.0,24.0
2026-06-08T07:00:37Z,,21.0,24.0
2026-06-08T08:00:37Z,,20.1,21.0
2026-06-08T09:00:37Z,,20.1,21.0
2026-06-08T10:00:36Z,,20.1,21.0
2026-06-08T11:00:37Z,,20.1,21.0
2026-06-08T12:00:39Z,,21.0,25.0
2026-06-08T12:53:05Z,,21.0,25.0
2026-06-08T13:00:38Z,,21.0,25.0
2026-06-08T14:00:41Z,,21.0,25.0
2026-06-08T15:00:43Z,,21.0,25.0
2026-06-08T16:00:41Z,,21.0,25.0
2026-06-08T17:00:40Z,,21.6,26.0
2026-06-08T18:00:37Z,,21.6,26.0
2026-06-08T19:00:36Z,,21.6,26.0
2026-06-08T20:00:33Z,,21.6,26.0
2026-06-08T21:00:35Z,,21.6,26.0
2026-06-08T21:16:21Z,,21.6,26.0
2026-06-08T22:00:37Z,,21.6,26.0
2026-06-08T23:00:36Z,,21.6,26.0
2026-06-09T00:00:36Z,,21.6,26.0
2026-06-09T01:00:36Z,,21.6,26.0
2026-06-09T02:00:35Z,,21.6,26.0
2026-06-09T03:00:37Z,,21.6,26.0
2026-06-09T04:00:35Z,,21.6,26.0
2026-06-09T05:00:34Z,,21.6,26.0
2026-06-09T06:00:39Z,,21.6,26.0
2026-06-09T07:00:38Z,,21.0,16.0
2026-06-09T08:00:38Z,,21.0,16.0
2026-06-09T09:00:41Z,,21.0,16.0
2026-06-09T10:00:41Z,,21.0,16.0
2026-06-09T10:45:50Z,,21.0,16.0
2026-06-09T11:00:41Z,,20.8,13.0
2026-06-09T12:00:38Z,,20.8,13.0
2026-06-09T13:00:43Z,,20.8,13.0
2026-06-09T14:00:46Z,,20.8,13.0
2026-06-09T16:00:44Z,,20.7,15.0
2026-06-09T17:00:43Z,,20.7,15.0
2026-06-09T18:00:39Z,,20.7,15.0
2026-06-09T18:34:08Z,,20.7,15.0
2026-06-09T19:00:42Z,,20.7,15.0
2026-06-09T20:00:42Z,,20.7,15.0
2026-06-09T21:00:38Z,,20.7,15.0
2026-06-09T22:00:37Z,,20.7,15.0
2026-06-09T23:00:34Z,,20.7,15.0
2026-06-09T23:53:53Z,,20.7,15.0
2026-06-10T00:00:39Z,,20.7,15.0
2026-06-10T01:00:34Z,,20.7,15.0
2026-06-10T02:00:38Z,,20.7,15.0
2026-06-10T03:00:37Z,,20.7,15.0
2026-06-10T04:00:36Z,,20.7,15.0
2026-06-10T06:00:39Z,,20.7,15.0
2026-06-10T07:00:38Z,,20.7,15.0
2026-06-10T08:00:43Z,,20.7,15.0
2026-06-10T09:00:44Z,,20.7,15.0
2026-06-10T10:00:40Z,,20.7,15.0
2026-06-10T11:00:42Z,,20.7,15.0
2026-06-10T12:00:42Z,,19.0,15.0
2026-06-10T12:42:05Z,,19.0,15.0
2026-06-10T13:00:40Z,,19.0,15.0
2026-06-10T14:00:47Z,,19.0,15.0
2026-06-10T15:00:45Z,,19.0,15.0
2026-06-10T16:00:46Z,,19.0,15.0
2026-06-10T17:00:43Z,,19.0,15.0
2026-06-10T18:00:42Z,,19.0,15.0
2026-06-10T19:00:41Z,,19.0,15.0
2026-06-10T20:00:44Z,,19.0,15.0
2026-06-10T21:00:39Z,,19.0,15.0
2026-06-10T21:30:24Z,,19.0,15.0
2026-06-10T22:00:40Z,,19.0,15.0
2026-06-10T23:00:37Z,,19.0,15.0
2026-06-11T00:00:39Z,,19.0,15.0
2026-06-11T01:00:37Z,,19.0,15.0
2026-06-11T02:00:35Z,,19.0,15.0
2026-06-11T03:00:39Z,,19.0,15.0
2026-06-11T04:00:35Z,,19.0,15.0
2026-06-11T05:00:36Z,,19.0,15.0
2026-06-11T06:00:35Z,,19.0,15.0
2026-06-11T07:00:38Z,,19.0,15.0
2026-06-11T08:00:48Z,,18.7,12.0
2026-06-11T09:00:42Z,,18.7,12.0
2026-06-11T10:00:40Z,,18.9,13.0
2026-06-11T11:00:39Z,,18.9,13.0
2026-06-11T12:00:43Z,,18.9,13.0
2026-06-11T12:32:54Z,,19.0,13.0
2026-06-11T13:00:44Z,,19.0,13.0
2026-06-11T14:00:45Z,,19.3,14.0
2026-06-11T15:00:44Z,,19.3,16.0
2026-06-11T16:00:42Z,,19.3,16.0
2026-06-11T17:00:47Z,,19.3,16.0
2026-06-11T18:00:43Z,,19.3,16.0
2026-06-11T19:00:38Z,,19.3,16.0
2026-06-11T20:00:41Z,,19.3,16.0
2026-06-11T21:00:44Z,,19.3,16.0
2026-06-11T21:31:47Z,,19.3,16.0
2026-06-11T22:00:40Z,,19.3,16.0
2026-06-11T23:00:35Z,,19.3,16.0
2026-06-12T00:00:38Z,,19.3,16.0
2026-06-12T01:00:35Z,,19.3,16.0
2026-06-12T02:00:37Z,,19.3,16.0
2026-06-12T03:00:38Z,,19.3,16.0
2026-06-12T04:00:38Z,,19.3,16.0
2026-06-12T06:00:37Z,,19.3,16.0
2026-06-12T07:00:41Z,,19.3,16.0
2026-06-12T08:00:38Z,,19.3,16.0
2026-06-12T09:00:38Z,,19.3,16.0
2026-06-12T10:00:42Z,,19.3,16.0
2026-06-12T11:00:40Z,,19.3,16.0
2026-06-12T11:54:42Z,,19.3,16.0
2026-06-12T12:00:41Z,,19.3,16.0
2026-06-12T13:00:40Z,,18.0,15.0
2026-06-12T14:00:40Z,,18.0,15.0
2026-06-12T15:00:43Z,,18.0,15.0
2026-06-12T16:00:43Z,,18.5,15.0
2026-06-12T17:00:41Z,,18.5,15.0
2026-06-12T18:00:39Z,,18.5,15.0
2026-06-12T19:00:48Z,,18.5,15.0
2026-06-12T19:32:01Z,,18.5,15.0
2026-06-12T20:00:44Z,,18.5,15.0
2026-06-12T21:00:49Z,,18.5,15.0
2026-06-12T22:00:48Z,,18.5,15.0
2026-06-12T23:00:47Z,,18.5,15.0
2026-06-13T00:00:42Z,,18.5,15.0
2026-06-13T01:00:48Z,,18.5,15.0
2026-06-13T02:00:40Z,,18.5,15.0
2026-06-13T03:00:42Z,,18.5,15.0
2026-06-13T04:00:42Z,,18.5,15.0
2026-06-13T05:00:48Z,,18.5,15.0
2026-06-13T06:00:46Z,,18.5,15.0
2026-06-13T07:00:43Z,,18.5,15.0
2026-06-13T08:01:41Z,,18.3,19.0
2026-06-13T08:33:13Z,,18.3,19.0
2026-06-13T09:00:44Z,,18.3,19.0
2026-06-13T10:00:43Z,,18.8,22.0
2026-06-13T11:00:40Z,,19.0,24.0
2026-06-13T12:00:39Z,,19.0,24.0
2026-06-13T13:00:50Z,,19.0,24.0
2026-06-13T14:00:38Z,,19.0,24.0
2026-06-13T15:00:43Z,,19.0,24.0
2026-06-13T15:20:30Z,,19.0,24.0
2026-06-13T16:00:49Z,,19.9,26.0
2026-06-13T17:00:41Z,,19.9,26.0
2026-06-13T18:00:47Z,,19.9,26.0
2026-06-13T19:00:41Z,,19.9,26.0
2026-06-13T20:00:51Z,,19.9,26.0
2026-06-13T20:49:46Z,,19.9,26.0
2026-06-13T21:00:43Z,,19.9,26.0
2026-06-13T22:00:42Z,,19.9,26.0
2026-06-13T23:00:41Z,,19.9,26.0
2026-06-14T00:00:49Z,,19.9,26.0
2026-06-14T01:00:50Z,,19.9,26.0
2026-06-14T02:00:45Z,,19.9,26.0
2026-06-14T03:00:44Z,,19.9,26.0
2026-06-14T04:00:42Z,,19.9,26.0
2026-06-14T06:00:46Z,,19.9,26.0
2026-06-14T07:00:47Z,,19.9,26.0
2026-06-14T08:00:45Z,,19.9,26.0
2026-06-14T08:56:23Z,,19.9,26.0
2026-06-14T09:00:43Z,,19.9,26.0
2026-06-14T10:00:50Z,,19.3,17.0
2026-06-14T11:00:42Z,,19.3,17.0
2026-06-14T12:00:45Z,,19.3,17.0
2026-06-14T13:00:43Z,,20.0,21.0
2026-06-14T14:00:41Z,,20.0,21.0
2026-06-14T15:29:37Z,,20.0,21.0
2026-06-14T16:00:41Z,,20.0,21.0
2026-06-14T17:00:47Z,,20.0,21.0
2026-06-14T18:00:46Z,,20.0,21.0
2026-06-14T19:00:44Z,,20.0,21.0
2026-06-14T20:00:41Z,,20.0,21.0
2026-06-14T20:49:00Z,,20.0,21.0
2026-06-14T21:00:42Z,,20.0,21.0
2026-06-14T22:00:43Z,,20.0,21.0
2026-06-14T23:00:48Z,,20.0,21.0
2026-06-15T00:00:41Z,,20.0,21.0
2026-06-15T01:00:50Z,,20.0,21.0
2026-06-15T02:00:40Z,,20.0,21.0
2026-06-15T03:00:42Z,,20.0,21.0
2026-06-15T04:00:45Z,,20.0,21.0
2026-06-15T06:00:40Z,,20.0,21.0
2026-06-15T07:00:45Z,,20.0,21.0
2026-06-15T08:00:48Z,,19.6,16.0
2026-06-15T09:00:52Z,,19.6,16.0
2026-06-15T10:00:47Z,,19.6,16.0
2026-06-15T11:00:52Z,,20.2,19.0
2026-06-15T12:00:44Z,,20.2,19.0
2026-06-15T13:00:51Z,,20.5,22.0
2026-06-15T14:00:46Z,,20.8,22.0
2026-06-15T15:00:53Z,,20.8,22.0
2026-06-15T16:00:55Z,,21.0,23.0
2026-06-15T16:27:52Z,,21.0,23.0
2026-06-15T17:00:47Z,,21.0,23.0
2026-06-15T18:00:48Z,,21.0,23.0
2026-06-15T19:00:44Z,,21.0,23.0
2026-06-15T20:00:48Z,,21.0,23.0
2026-06-15T21:00:55Z,,21.0,23.0
2026-06-15T22:00:52Z,,21.0,23.0
2026-06-15T23:00:51Z,,21.0,23.0
2026-06-15T23:23:48Z,,21.0,23.0
2026-06-16T00:00:45Z,,21.0,23.0
2026-06-16T01:00:44Z,,21.0,23.0
2026-06-16T02:00:49Z,,21.0,23.0
2026-06-16T03:00:48Z,,21.0,23.0
2026-06-16T04:00:46Z,,21.0,23.0
2026-06-16T05:00:41Z,,21.0,23.0
2026-06-16T06:00:41Z,,21.0,23.0
2026-06-16T07:00:47Z,,21.0,23.0
2026-06-16T08:00:50Z,,19.9,18.0
2026-06-16T09:00:48Z,,19.9,18.0
2026-06-16T10:00:56Z,,19.9,18.0
2026-06-16T11:00:52Z,,20.1,21.0
2026-06-16T12:00:54Z,,20.1,21.0
2026-06-16T13:00:48Z,,20.1,21.0
2026-06-16T14:00:56Z,,20.3,22.0
2026-06-16T15:00:57Z,,20.3,22.0
2026-06-16T16:01:01Z,,20.3,22.0
2026-06-16T17:00:45Z,,20.3,22.0
2026-06-16T18:00:49Z,,20.3,22.0
2026-06-16T18:20:16Z,,20.3,22.0
2026-06-16T19:00:53Z,,20.3,22.0
2026-06-16T20:00:47Z,,20.3,22.0
2026-06-16T21:00:46Z,,20.3,22.0
2026-06-16T22:00:43Z,,20.3,22.0
2026-06-16T23:00:46Z,,20.3,22.0
2026-06-17T00:00:43Z,,20.3,22.0
2026-06-17T00:04:02Z,,20.3,22.0
2026-06-17T01:00:51Z,,20.3,22.0
2026-06-17T02:00:47Z,,20.3,22.0
2026-06-17T03:00:41Z,,20.3,22.0
2026-06-17T04:00:42Z,,20.3,22.0
2026-06-17T06:00:48Z,,20.3,22.0
2026-06-17T07:00:43Z,,19.8,19.0
2026-06-17T08:00:44Z,,19.8,19.0
2026-06-17T09:00:46Z,,19.8,19.0
2026-06-17T10:00:44Z,,19.8,19.0
2026-06-17T11:00:46Z,,20.2,21.0
2026-06-17T12:00:43Z,,20.2,21.0
2026-06-17T13:00:46Z,,20.7,25.0
2026-06-17T14:25:54Z,,21.0,27.0
2026-06-17T17:51:14Z,,21.0,27.0
2026-06-17T20:24:45Z,,21.0,27.0
2026-06-17T22:48:25Z,,21.0,27.0
2026-06-18T00:21:16Z,,21.0,27.0
2026-06-18T06:02:10Z,,21.0,27.0
2026-06-18T11:12:52Z,,21.9,29.0
2026-06-18T15:44:07Z,,22.5,31.0
2026-06-18T18:30:29Z,,22.8,31.0
2026-06-18T21:24:52Z,,22.8,31.0
2026-06-18T23:51:58Z,,22.8,31.0
2026-06-19T05:08:50Z,,22.8,31.0
2026-06-19T07:05:54Z,,22.8,31.0
2026-06-19T08:00:41Z,,21.8,26.0
2026-06-19T09:00:45Z,,21.8,26.0
2026-06-19T10:00:47Z,,21.8,26.0
2026-06-19T10:50:55Z,,22.5,31.0
2026-06-19T11:00:43Z,,22.5,31.0
2026-06-19T12:00:47Z,,23.0,33.0
2026-06-19T13:00:45Z,,23.0,33.0
2026-06-19T14:00:44Z,,23.0,33.0
2026-06-19T14:16:33Z,,23.0,33.0
2026-06-19T15:00:43Z,,23.9,33.0
2026-06-19T16:00:48Z,,24.0,33.0
2026-06-19T17:00:45Z,,24.0,33.0
2026-06-19T17:22:58Z,,24.0,33.0
2026-06-19T18:00:49Z,,24.0,33.0
2026-06-19T19:00:47Z,,24.0,33.0
2026-06-19T19:57:59Z,,24.0,33.0
2026-06-19T20:00:44Z,,24.0,33.0
2026-06-19T21:00:41Z,,24.0,33.0
2026-06-19T21:17:24Z,,24.0,33.0
2026-06-19T22:00:46Z,,24.0,33.0
2026-06-19T23:00:44Z,,24.0,33.0
2026-06-19T23:06:09Z,,24.0,33.0
2026-06-20T00:00:45Z,,24.0,33.0
2026-06-20T01:00:47Z,,24.0,33.0
2026-06-20T02:00:45Z,,24.0,33.0
2026-06-20T03:00:46Z,,24.0,33.0
2026-06-20T04:00:47Z,,24.0,33.0
2026-06-20T04:20:55Z,,24.0,33.0
2026-06-20T06:00:46Z,,24.0,33.0
2026-06-20T07:00:51Z,,24.0,33.0
2026-06-20T08:00:46Z,,24.0,33.0
2026-06-20T08:25:18Z,,23.4,26.0
2026-06-20T09:00:44Z,,23.4,26.0
2026-06-20T10:00:47Z,,23.7,28.0
2026-06-20T11:00:51Z,,24.1,31.0
2026-06-20T11:23:07Z,,24.1,31.0
2026-06-20T12:00:44Z,,24.1,31.0
2026-06-20T13:00:48Z,,24.5,32.0
2026-06-20T14:00:47Z,,24.5,32.0
2026-06-20T14:21:02Z,,24.5,32.0
2026-06-20T15:00:46Z,,24.5,32.0
2026-06-20T16:00:54Z,,24.5,32.0
2026-06-20T16:25:12Z,,24.5,32.0
2026-06-20T17:00:49Z,,25.0,32.0
2026-06-20T18:00:51Z,,25.0,32.0
2026-06-20T18:18:55Z,,25.0,32.0
2026-06-20T19:00:52Z,,25.0,32.0
2026-06-20T20:00:49Z,,25.0,32.0
2026-06-20T20:20:43Z,,25.0,32.0
2026-06-20T21:00:51Z,,25.0,32.0
2026-06-20T22:00:50Z,,25.0,32.0
2026-06-20T22:16:33Z,,25.0,32.0
2026-06-20T23:00:50Z,,25.0,32.0
2026-06-21T00:00:50Z,,25.0,32.0
2026-06-21T00:15:59Z,,25.0,32.0
2026-06-21T01:00:49Z,,25.0,32.0
2026-06-21T02:00:43Z,,25.0,32.0
2026-06-21T03:00:46Z,,25.0,32.0
2026-06-21T04:00:42Z,,25.0,32.0
2026-06-21T05:00:44Z,,25.0,32.0
2026-06-21T06:00:46Z,,25.0,32.0
2026-06-21T06:10:23Z,,25.0,32.0
2026-06-21T07:00:44Z,,25.0,32.0
2026-06-21T08:00:44Z,,25.0,32.0
2026-06-21T09:00:45Z,,25.0,32.0
2026-06-21T10:00:44Z,,24.6,29.0
2026-06-21T10:36:30Z,,25.0,31.0
2026-06-21T11:00:44Z,,25.0,31.0
2026-06-21T12:00:46Z,,25.2,32.0
2026-06-21T13:00:45Z,,25.4,33.0
2026-06-21T13:12:05Z,,25.4,33.0
2026-06-21T14:00:45Z,,25.7,33.0
2026-06-21T15:00:47Z,,25.7,33.0
2026-06-21T16:00:15Z,,24.6,30.0
2026-06-21T16:00:46Z,,24.6,30.0
2026-06-21T17:00:46Z,,25.6,30.0
2026-06-21T18:00:46Z,,25.6,30.0
2026-06-21T18:22:51Z,,25.6,30.0
2026-06-21T19:00:48Z,,25.6,30.0
2026-06-21T20:00:45Z,,25.6,30.0
2026-06-21T20:42:32Z,,25.6,30.0
2026-06-21T21:00:42Z,,25.6,30.0
2026-06-21T22:00:47Z,,25.6,30.0
2026-06-21T22:19:20Z,,25.6,30.0
2026-06-21T23:00:46Z,,25.6,30.0
2026-06-22T00:00:47Z,,25.6,30.0
2026-06-22T00:18:05Z,,25.6,30.0
2026-06-22T01:00:46Z,,25.6,30.0
2026-06-22T02:00:41Z,,25.6,30.0
2026-06-22T03:00:44Z,,25.6,30.0
2026-06-22T04:00:43Z,,25.6,30.0
2026-06-22T05:00:49Z,,25.6,30.0
2026-06-22T06:00:47Z,,25.6,30.0
2026-06-22T06:34:34Z,,25.6,30.0
2026-06-22T07:00:55Z,,25.6,30.0
2026-06-22T08:00:49Z,,25.6,30.0
2026-06-22T09:00:48Z,,25.6,30.0
2026-06-22T10:00:44Z,,25.6,30.0
2026-06-22T11:00:48Z,,25.6,30.0
2026-06-22T12:00:50Z,,25.6,30.0
2026-06-22T12:54:10Z,,25.9,33.0
2026-06-22T13:00:47Z,,25.9,33.0
2026-06-22T14:00:49Z,,25.9,33.0
2026-06-22T15:00:55Z,,25.9,33.0
2026-06-22T16:00:53Z,,25.9,33.0
2026-06-22T17:00:48Z,,25.9,33.0
2026-06-22T17:44:39Z,,25.9,33.0
2026-06-22T18:00:51Z,,25.9,33.0
2026-06-22T19:00:53Z,,25.9,33.0
2026-06-22T20:00:50Z,,25.9,33.0
2026-06-22T21:00:47Z,,25.9,33.0
2026-06-22T21:08:09Z,,25.9,33.0
2026-06-22T22:00:46Z,,25.9,33.0
2026-06-22T23:00:45Z,,25.9,33.0
2026-06-22T23:25:43Z,,25.9,33.0
2026-06-23T00:00:51Z,,25.9,33.0
2026-06-23T01:00:47Z,,25.9,33.0
2026-06-23T02:00:44Z,,25.9,33.0
2026-06-23T03:00:43Z,,25.9,33.0
2026-06-23T04:00:44Z,,24.5,16.0
2026-06-23T04:10:17Z,,24.5,16.0
2026-06-23T05:00:45Z,,24.5,16.0
2026-06-23T06:00:46Z,,24.5,16.0
2026-06-23T07:00:45Z,,24.5,24.0
2026-06-23T08:00:48Z,,24.5,24.0
2026-06-23T08:32:58Z,,24.5,24.0
2026-06-23T09:00:48Z,,25.0,28.0
2026-06-23T10:00:47Z,,25.4,30.0
2026-06-23T11:00:48Z,,25.4,30.0
2026-06-23T12:00:49Z,,25.0,31.0
2026-06-23T12:11:30Z,,25.0,31.0
2026-06-23T13:00:48Z,,25.0,31.0
2026-06-23T14:00:51Z,,25.9,32.0
2026-06-23T15:56:32Z,,26.0,32.0
2026-06-23T16:00:58Z,,26.0,32.0
2026-06-23T17:00:55Z,,26.0,32.0
2026-06-23T18:00:57Z,,26.0,32.0
2026-06-23T18:07:00Z,,26.0,32.0
2026-06-23T19:00:51Z,,26.0,32.0
2026-06-23T20:00:49Z,,26.0,32.0
2026-06-23T21:00:47Z,,26.0,32.0
2026-06-23T21:06:31Z,,26.0,32.0
2026-06-23T22:00:46Z,,26.0,32.0
2026-06-23T23:00:47Z,,26.0,32.0
2026-06-23T23:13:34Z,,26.0,32.0
2026-06-24T00:00:46Z,,26.0,32.0
2026-06-24T01:00:47Z,,26.0,32.0
2026-06-24T02:00:46Z,,26.0,32.0
2026-06-24T03:00:45Z,,26.0,32.0
2026-06-24T04:00:46Z,,26.0,32.0
2026-06-24T04:13:30Z,,26.0,32.0
2026-06-24T06:00:43Z,,26.0,32.0
2026-06-24T07:00:46Z,,26.0,32.0
2026-06-24T08:00:44Z,,25.2,26.0
2026-06-24T08:27:52Z,,25.2,26.0
2026-06-24T09:00:46Z,,25.2,26.0
2026-06-24T10:00:49Z,,25.2,26.0
2026-06-24T11:50:31Z,,26.2,31.0
2026-06-24T12:00:48Z,,26.2,31.0
2026-06-24T13:00:48Z,,26.2,31.0
2026-06-24T14:00:50Z,,26.2,31.0
2026-06-24T14:47:31Z,,26.0,33.0
2026-06-24T15:00:49Z,,26.0,33.0
2026-06-24T16:00:52Z,,26.0,33.0
2026-06-24T17:00:51Z,,26.0,33.0
2026-06-24T17:10:28Z,,26.0,33.0
2026-06-24T18:00:47Z,,26.0,33.0
2026-06-24T19:00:52Z,,26.0,33.0
2026-06-24T19:57:10Z,,26.0,33.0
2026-06-24T20:00:45Z,,26.0,33.0
2026-06-24T21:00:45Z,,26.0,33.0
2026-06-24T21:39:24Z,,26.0,33.0
2026-06-24T22:00:49Z,,26.0,33.0
2026-06-24T23:00:43Z,,26.0,33.0
2026-06-24T23:13:24Z,,26.0,33.0
2026-06-25T00:00:50Z,,26.0,33.0
2026-06-25T01:00:45Z,,26.0,33.0
2026-06-25T02:00:43Z,,26.0,33.0
2026-06-25T03:00:47Z,,26.0,33.0
2026-06-25T04:00:50Z,,26.0,33.0
2026-06-25T04:13:39Z,,26.0,33.0
2026-06-25T05:00:47Z,,26.0,33.0
2026-06-25T06:00:44Z,,26.0,33.0
2026-06-25T07:00:45Z,,26.0,33.0
2026-06-25T08:00:49Z,,26.0,33.0
2026-06-25T08:27:56Z,,26.0,33.0
2026-06-25T09:00:48Z,,26.2,29.0
2026-06-25T10:00:44Z,,26.2,29.0
2026-06-25T11:00:51Z,,26.6,33.0
2026-06-25T11:45:15Z,,26.6,33.0
2026-06-25T12:00:48Z,,26.6,33.0
2026-06-25T13:00:47Z,,27.0,34.0
2026-06-25T14:00:49Z,,27.0,34.0
2026-06-25T14:47:16Z,,27.0,34.0
2026-06-25T15:00:46Z,,27.0,34.0
2026-06-25T16:00:46Z,,27.0,34.0
2026-06-25T17:00:44Z,,27.5,34.0
2026-06-25T17:19:11Z,,27.5,34.0
2026-06-25T18:00:42Z,,27.5,34.0
2026-06-25T19:00:43Z,,27.5,34.0
2026-06-25T20:00:43Z,,27.5,34.0
2026-06-25T20:12:34Z,,27.5,34.0
2026-06-25T21:00:43Z,,27.5,34.0
2026-06-25T22:00:42Z,,27.5,34.0
2026-06-25T22:25:43Z,,27.5,34.0
2026-06-25T23:00:43Z,,27.5,34.0
2026-06-26T00:00:48Z,,27.5,34.0
2026-06-26T00:16:51Z,,27.5,34.0
2026-06-26T01:00:47Z,,27.5,34.0
2026-06-26T02:00:47Z,,27.5,34.0
2026-06-26T03:00:42Z,,27.5,34.0
2026-06-26T04:00:41Z,,27.5,34.0
2026-06-26T05:00:45Z,,27.5,34.0
2026-06-26T05:15:19Z,,27.5,34.0
2026-06-26T06:00:42Z,,27.5,34.0
2026-06-26T07:00:47Z,,27.5,34.0
2026-06-26T08:00:47Z,,27.5,34.0
2026-06-26T09:00:44Z,,27.5,34.0
2026-06-26T09:42:02Z,,26.0,32.0
2026-06-26T10:00:43Z,,26.0,32.0
2026-06-26T11:00:47Z,,26.4,34.0
2026-06-26T12:00:45Z,,26.4,34.0
2026-06-26T12:18:04Z,,26.7,34.0
2026-06-26T13:00:45Z,,26.7,34.0
2026-06-26T14:00:44Z,,26.7,34.0
2026-06-26T15:00:49Z,,27.0,35.0
2026-06-26T15:27:55Z,,27.0,35.0
2026-06-26T16:00:49Z,,27.0,35.0
2026-06-26T17:00:48Z,,27.2,34.0
2026-06-26T17:57:24Z,,27.2,34.0
2026-06-26T18:00:45Z,,27.2,34.0
2026-06-26T19:00:48Z,,27.2,34.0
2026-06-26T20:00:44Z,,27.2,34.0
2026-06-26T20:03:00Z,,27.2,34.0
2026-06-26T21:00:45Z,,27.2,34.0
2026-06-26T22:00:45Z,,27.2,34.0
2026-06-26T22:19:26Z,,27.2,34.0
2026-06-26T23:00:45Z,,27.2,34.0
2026-06-27T00:00:49Z,,27.2,34.0
2026-06-27T00:16:06Z,,27.2,34.0
2026-06-27T01:00:46Z,,27.2,34.0
2026-06-27T02:00:41Z,,27.2,34.0
2026-06-27T03:00:47Z,,27.2,34.0
2026-06-27T04:00:46Z,,27.2,34.0
2026-06-27T04:58:09Z,,27.2,34.0
2026-06-27T05:00:48Z,,27.2,34.0
2026-06-27T06:00:43Z,,27.2,34.0
2026-06-27T07:00:42Z,,27.2,34.0
2026-06-27T07:55:11Z,,26.2,26.0
2026-06-27T08:00:42Z,,26.2,26.0
2026-06-27T09:00:44Z,,26.4,31.0
2026-06-27T10:00:41Z,,26.4,31.0
2026-06-27T10:17:53Z,,26.4,31.0
2026-06-27T11:00:43Z,,26.4,31.0
2026-06-27T12:00:45Z,,26.8,34.0
2026-06-27T12:12:14Z,,26.8,34.0
2026-06-27T13:00:44Z,,27.0,35.0
2026-06-27T14:00:43Z,,27.5,37.0
2026-06-27T14:48:37Z,,27.5,37.0
2026-06-27T15:00:45Z,,27.5,37.0
2026-06-27T16:00:43Z,,27.7,36.0
2026-06-27T16:12:49Z,,27.7,36.0
2026-06-27T17:00:42Z,,27.8,36.0
2026-06-27T18:00:45Z,,27.8,36.0
2026-06-27T18:10:48Z,,27.8,36.0
2026-06-27T19:00:46Z,,27.8,36.0
2026-06-27T20:00:41Z,,27.8,36.0
2026-06-27T20:14:29Z,,27.8,36.0
2026-06-27T21:00:38Z,,27.8,36.0
2026-06-27T22:00:45Z,,27.8,36.0
2026-06-27T22:09:39Z,,27.8,36.0
2026-06-27T23:00:43Z,,27.8,36.0
2026-06-28T00:00:46Z,,27.8,36.0
2026-06-28T00:09:42Z,,27.8,36.0
2026-06-28T01:00:44Z,,27.8,36.0
2026-06-28T02:00:47Z,,27.8,36.0
2026-06-28T03:00:47Z,,27.8,36.0
2026-06-28T04:00:41Z,,27.8,36.0
2026-06-28T05:00:47Z,,27.8,36.0
2026-06-28T05:22:50Z,,27.8,36.0
2026-06-28T06:00:39Z,,27.8,36.0
2026-06-28T07:00:46Z,,27.8,36.0
2026-06-28T08:00:41Z,,27.8,36.0
2026-06-28T09:00:43Z,,27.8,36.0
2026-06-28T09:23:05Z,,26.0,28.0
2026-06-28T10:00:40Z,,26.0,28.0
2026-06-28T11:00:39Z,,26.0,28.0
2026-06-28T11:51:43Z,,26.0,28.0
2026-06-28T12:00:40Z,,26.0,28.0
2026-06-28T13:00:40Z,,26.0,27.0
2026-06-28T14:00:43Z,,26.0,27.0
2026-06-28T14:05:00Z,,26.0,27.0
2026-06-28T15:00:42Z,,26.0,29.0
2026-06-28T16:00:43Z,,26.0,29.0
2026-06-28T16:19:12Z,,26.0,29.0
2026-06-28T17:00:43Z,,26.1,29.0
2026-06-28T18:00:42Z,,26.1,29.0
2026-06-28T18:10:42Z,,26.1,29.0
2026-06-28T19:00:43Z,,26.1,29.0
2026-06-28T20:00:38Z,,26.1,29.0
2026-06-28T20:18:29Z,,26.1,29.0
2026-06-28T21:00:43Z,,26.1,29.0
2026-06-28T22:00:42Z,,26.1,29.0
2026-06-28T22:07:31Z,,26.1,29.0
2026-06-28T23:00:45Z,,26.1,29.0
2026-06-29T00:00:48Z,,26.1,29.0
2026-06-29T00:15:14Z,,26.1,29.0
2026-06-29T01:00:44Z,,26.1,29.0
2026-06-29T02:00:43Z,,26.1,29.0
2026-06-29T03:00:52Z,,26.1,29.0
2026-06-29T04:00:45Z,,26.1,29.0
2026-06-29T05:00:44Z,,26.1,29.0
2026-06-29T05:57:24Z,,26.1,29.0
2026-06-29T06:00:47Z,,26.1,29.0
2026-06-29T07:00:49Z,,26.1,29.0
2026-06-29T08:01:12Z,,25.1,25.0
2026-06-29T09:00:39Z,,25.1,25.0
2026-06-29T10:00:41Z,,25.1,25.0
2026-06-29T11:00:39Z,,25.1,25.0
2026-06-29T11:20:13Z,,25.1,25.0
2026-06-29T12:00:41Z,,25.1,25.0
2026-06-29T13:00:39Z,,25.1,25.0
2026-06-29T14:00:43Z,,25.1,25.0
2026-06-29T15:00:39Z,,25.1,25.0
2026-06-29T16:00:41Z,,25.1,25.0
2026-06-29T16:00:57Z,,25.1,25.0
2026-06-29T17:00:42Z,,25.1,25.0
2026-06-29T18:00:40Z,,25.1,25.0
2026-06-29T19:00:36Z,,25.1,25.0
2026-06-29T19:07:02Z,,25.1,25.0
2026-06-29T20:00:38Z,,25.1,25.0
2026-06-29T21:00:41Z,,25.1,25.0
2026-06-29T21:39:37Z,,25.1,25.0
2026-06-29T22:00:42Z,,25.1,25.0
2026-06-29T23:00:39Z,,25.1,25.0
2026-06-29T23:05:04Z,,25.1,25.0
2026-06-30T00:00:43Z,,25.1,25.0
2026-06-30T01:00:40Z,,25.1,25.0
2026-06-30T02:00:42Z,,25.1,25.0
2026-06-30T03:00:42Z,,25.1,25.0
2026-06-30T04:00:42Z,,25.1,25.0
2026-06-30T04:14:43Z,,25.1,25.0
2026-06-30T05:00:42Z,,25.1,25.0
2026-06-30T06:00:42Z,,25.1,25.0
2026-06-30T07:00:46Z,,25.1,25.0
2026-06-30T08:00:42Z,,25.1,25.0
2026-06-30T08:33:37Z,,25.3,24.0
2026-06-30T09:00:39Z,,25.3,24.0
2026-06-30T10:00:42Z,,25.8,26.0
2026-06-30T11:00:40Z,,25.8,26.0
2026-06-30T11:47:56Z,,25.8,26.0
2026-06-30T12:00:40Z,,25.8,26.0
2026-06-30T13:00:41Z,,26.0,29.0
2026-06-30T14:00:40Z,,26.0,29.0
2026-06-30T14:34:03Z,,26.0,29.0
2026-06-30T15:00:45Z,,26.3,30.0
2026-06-30T16:00:44Z,,26.3,30.0
2026-06-30T17:00:43Z,,26.3,30.0
2026-06-30T17:09:13Z,,26.3,30.0
2026-06-30T18:00:41Z,,26.3,30.0
2026-06-30T19:00:42Z,,26.3,30.0
2026-06-30T20:00:41Z,,26.3,30.0
2026-06-30T20:07:50Z,,26.3,30.0
2026-06-30T21:00:40Z,,26.3,30.0
2026-06-30T22:00:41Z,,26.3,30.0
2026-06-30T22:18:38Z,,26.3,30.0
2026-06-30T23:00:39Z,,26.3,30.0
2026-07-01T00:00:42Z,,26.3,30.0
2026-07-01T00:15:12Z,,26.3,30.0
2026-07-01T01:00:39Z,,26.3,30.0
2026-07-01T02:00:40Z,,26.3,30.0
2026-07-01T03:00:41Z,,26.3,30.0
2026-07-01T04:00:40Z,,26.3,30.0
2026-07-01T05:00:40Z,,25.3,17.0
2026-07-01T05:45:55Z,,25.3,17.0
2026-07-01T06:00:41Z,,25.3,17.0
2026-07-01T07:00:43Z,,25.3,17.0
2026-07-01T08:00:38Z,,25.3,17.0
2026-07-01T09:00:41Z,,25.3,17.0
2026-07-01T10:00:41Z,,25.3,17.0
2026-07-01T10:03:36Z,,25.3,17.0
2026-07-01T11:00:39Z,,25.0,18.0
2026-07-01T12:00:42Z,,25.0,18.0
2026-07-01T13:00:43Z,,24.8,20.0
2026-07-01T13:36:51Z,,24.8,20.0
2026-07-01T14:00:43Z,,24.8,20.0
2026-07-01T15:00:45Z,,24.8,20.0
2026-07-01T16:00:43Z,,24.8,20.0
2026-07-01T16:31:23Z,,24.8,20.0
2026-07-01T17:00:46Z,,24.9,22.0
2026-07-01T18:00:49Z,,24.9,22.0
2026-07-01T19:00:42Z,,24.9,22.0
2026-07-01T19:02:22Z,,24.9,22.0
2026-07-01T20:00:47Z,,24.9,22.0
2026-07-01T21:00:44Z,,24.9,22.0
2026-07-01T21:42:05Z,,24.9,22.0
2026-07-01T22:00:47Z,,24.9,22.0
2026-07-01T23:00:46Z,,24.9,22.0
2026-07-01T23:21:56Z,,24.9,22.0
2026-07-02T00:00:43Z,,24.9,22.0
2026-07-02T01:00:44Z,,24.9,22.0
2026-07-02T02:00:44Z,,24.9,22.0
2026-07-02T03:00:45Z,,24.9,22.0
2026-07-02T04:00:45Z,,24.9,22.0
2026-07-02T04:10:20Z,,24.9,22.0
2026-07-02T05:00:44Z,,24.9,22.0
2026-07-02T06:00:43Z,,24.9,22.0
2026-07-02T07:00:46Z,,24.9,22.0
2026-07-02T08:00:46Z,,23.7,19.0
2026-07-02T08:16:05Z,,23.7,19.0
2026-07-02T09:00:45Z,,23.7,19.0
2026-07-02T10:00:47Z,,23.7,19.0
2026-07-02T11:00:44Z,,24.5,23.0
2026-07-02T11:39:32Z,,24.5,25.0
2026-07-02T12:00:46Z,,24.5,25.0
2026-07-02T13:00:50Z,,24.5,25.0
2026-07-02T14:00:45Z,,24.6,26.0
2026-07-02T14:20:49Z,,24.6,26.0
2026-07-02T15:00:45Z,,24.7,26.0
2026-07-02T16:00:44Z,,24.7,26.0
2026-07-02T16:55:53Z,,24.7,26.0
2026-07-02T17:00:54Z,,24.7,26.0
2026-07-02T18:00:43Z,,24.7,26.0
2026-07-02T18:40:53Z,,24.7,26.0
2026-07-02T19:00:49Z,,24.7,26.0
2026-07-02T20:00:46Z,,24.7,26.0
2026-07-02T20:23:46Z,,24.7,26.0
2026-07-02T21:00:43Z,,24.7,26.0
2026-07-02T22:00:46Z,,24.7,26.0
2026-07-02T22:13:29Z,,24.7,26.0
2026-07-02T23:00:45Z,,24.7,26.0
2026-07-03T00:00:45Z,,24.7,26.0
2026-07-03T00:13:41Z,,24.7,26.0
2026-07-03T01:00:43Z,,24.7,26.0
2026-07-03T02:00:44Z,,24.7,26.0
2026-07-03T03:00:45Z,,24.7,26.0
2026-07-03T04:00:43Z,,24.7,26.0
2026-07-03T04:49:07Z,,24.7,26.0
2026-07-03T05:00:43Z,,24.7,26.0
2026-07-03T06:00:43Z,,24.7,26.0
2026-07-03T07:00:43Z,,24.7,26.0
2026-07-03T08:00:43Z,,23.8,22.0
2026-07-03T08:15:04Z,,23.8,22.0
2026-07-03T09:00:45Z,,23.8,22.0
2026-07-03T10:00:45Z,,23.8,22.0
2026-07-03T11:00:45Z,,24.0,23.0
2026-07-03T11:37:52Z,,24.0,23.0
2026-07-03T12:00:48Z,,24.0,23.0
2026-07-03T13:00:47Z,,24.0,23.0
2026-07-03T14:00:45Z,,24.0,23.0
2026-07-03T14:25:17Z,,24.0,23.0
2026-07-03T15:00:46Z,,24.5,25.0
2026-07-03T16:00:44Z,,24.6,26.0
2026-07-03T16:40:46Z,,24.6,26.0
2026-07-03T17:00:44Z,,24.6,26.0
2026-07-03T18:00:43Z,,24.6,26.0
2026-07-03T18:17:33Z,,24.6,26.0
2026-07-03T19:00:44Z,,24.6,26.0
2026-07-03T20:00:41Z,,24.6,26.0
2026-07-03T20:18:47Z,,24.6,26.0
2026-07-03T21:00:41Z,,24.6,26.0
2026-07-03T22:00:42Z,,24.6,26.0
2026-07-03T22:10:22Z,,24.6,26.0
2026-07-03T23:00:44Z,,24.6,26.0
2026-07-04T00:00:47Z,,24.6,26.0
2026-07-04T00:12:19Z,,24.6,26.0
2026-07-04T01:00:44Z,,24.6,26.0
2026-07-04T02:00:42Z,,24.6,26.0
2026-07-04T03:00:42Z,,24.6,26.0
2026-07-04T04:00:43Z,,24.6,26.0
2026-07-04T04:40:33Z,,24.6,26.0
2026-07-04T05:00:43Z,,24.6,26.0
2026-07-04T06:00:43Z,,24.6,26.0
2026-07-04T07:00:46Z,,24.6,26.0
2026-07-04T07:52:05Z,,24.6,26.0
2026-07-04T08:00:39Z,,24.6,26.0
2026-07-04T09:00:44Z,,23.0,22.0
2026-07-04T10:00:47Z,,23.2,22.0
2026-07-04T10:19:05Z,,23.4,23.0
2026-07-04T11:00:40Z,,23.4,23.0
2026-07-04T12:00:44Z,,23.6,25.0
2026-07-04T12:10:51Z,,23.6,25.0
2026-07-04T13:00:41Z,,23.9,26.0
2026-07-04T14:00:43Z,,24.0,2.0
2026-07-04T14:42:04Z,,24.2,27.0
2026-07-04T15:00:43Z,,24.2,27.0
2026-07-04T16:00:42Z,,24.2,27.0
2026-07-04T16:09:34Z,,24.2,27.0
2026-07-04T17:00:43Z,,24.2,27.0
2026-07-04T18:00:43Z,,24.2,27.0
2026-07-04T18:07:36Z,,24.2,27.0
2026-07-04T19:00:42Z,,24.2,27.0
2026-07-04T20:00:41Z,,24.2,27.0
2026-07-04T20:12:50Z,,24.2,27.0
2026-07-04T21:00:41Z,,24.2,27.0
2026-07-04T22:00:45Z,,24.2,27.0
2026-07-04T22:04:02Z,,24.2,27.0
2026-07-04T23:00:41Z,,24.2,27.0
2026-07-05T00:00:46Z,,24.2,27.0
2026-07-05T00:07:15Z,,24.2,27.0
2026-07-05T01:00:43Z,,24.2,27.0
2026-07-05T02:00:42Z,,24.2,27.0
2026-07-05T03:00:43Z,,24.2,27.0
2026-07-05T04:00:45Z,,24.2,27.0
2026-07-05T05:00:42Z,,24.2,27.0
2026-07-05T05:02:18Z,,24.2,27.0
2026-07-05T06:00:41Z,,24.2,27.0
2026-07-05T07:00:45Z,,24.2,27.0
2026-07-05T08:00:40Z,,24.2,27.0
2026-07-05T09:00:40Z,,24.2,27.0
2026-07-05T09:16:41Z,,23.0,22.0
2026-07-05T10:00:43Z,,23.0,22.0
2026-07-05T11:00:41Z,,23.0,22.0
2026-07-05T11:40:17Z,,23.3,24.0
2026-07-05T12:00:44Z,,23.3,24.0
2026-07-05T13:00:41Z,,23.3,24.0
2026-07-05T13:56:28Z,,23.6,25.0
2026-07-05T14:00:41Z,,23.6,25.0
2026-07-05T15:00:42Z,,23.6,25.0
2026-07-05T15:19:57Z,,23.6,25.0
2026-07-05T16:00:41Z,,23.7,25.0
2026-07-05T17:00:42Z,,23.7,25.0
2026-07-05T17:20:06Z,,23.7,25.0
2026-07-05T18:00:40Z,,23.7,25.0
2026-07-05T19:00:40Z,,23.7,25.0
2026-07-05T19:35:25Z,,23.7,25.0
2026-07-05T20:00:39Z,,23.7,25.0
2026-07-05T21:00:42Z,,23.7,25.0
2026-07-05T21:11:00Z,,23.7,25.0
2026-07-05T22:00:40Z,,23.7,25.0
2026-07-05T23:00:43Z,,23.7,25.0
2026-07-05T23:08:45Z,,23.7,25.0
2026-07-06T00:00:43Z,,23.7,25.0
2026-07-06T01:00:46Z,,23.7,25.0
2026-07-06T02:00:40Z,,23.7,25.0
2026-07-06T03:00:42Z,,23.7,25.0
2026-07-06T04:00:44Z,,23.7,25.0
2026-07-06T04:15:59Z,,23.7,25.0
2026-07-06T05:01:03Z,,23.7,25.0
2026-07-06T06:00:42Z,,23.7,25.0
2026-07-06T07:00:45Z,,23.7,25.0
2026-07-06T08:00:44Z,,23.7,25.0
2026-07-06T09:00:45Z,,23.0,20.0
2026-07-06T09:05:22Z,,23.0,20.0
2026-07-06T10:00:46Z,,23.0,20.0
2026-07-06T11:00:43Z,,23.0,21.0
2026-07-06T12:00:45Z,,23.0,21.0
2026-07-06T13:00:42Z,,23.3,24.0
2026-07-06T13:53:31Z,,23.4,25.0
2026-07-06T14:00:49Z,,23.4,25.0
2026-07-06T15:00:50Z,,23.7,26.0
2026-07-06T16:00:48Z,,23.7,26.0
2026-07-06T16:55:59Z,,23.7,26.0
2026-07-06T17:00:46Z,,23.7,26.0
2026-07-06T18:00:48Z,,23.7,26.0
2026-07-06T19:00:47Z,,23.7,26.0
2026-07-06T19:01:36Z,,23.7,26.0
2026-07-06T20:00:48Z,,23.7,26.0
2026-07-06T21:00:43Z,,23.7,26.0
2026-07-06T21:42:00Z,,23.7,26.0
2026-07-06T22:00:49Z,,23.7,26.0
2026-07-06T23:00:45Z,,23.7,26.0
2026-07-06T23:14:00Z,,23.7,26.0
2026-07-07T00:00:44Z,,23.7,26.0
2026-07-07T01:00:45Z,,23.7,26.0
2026-07-07T02:00:43Z,,23.7,26.0
2026-07-07T03:00:42Z,,23.7,26.0
2026-07-07T04:00:45Z,,23.7,26.0
2026-07-07T04:05:35Z,,23.7,26.0
2026-07-07T05:00:46Z,,23.7,26.0
2026-07-07T06:00:44Z,,23.7,26.0
2026-07-07T07:00:45Z,,22.8,19.0
2026-07-07T08:00:44Z,,22.8,19.0
2026-07-07T08:28:59Z,,22.8,19.0
2026-07-07T09:00:44Z,,22.8,19.0
2026-07-07T10:00:45Z,,23.2,27.0
2026-07-07T11:00:44Z,,23.2,27.0
2026-07-07T12:00:36Z,,23.2,27.0
2026-07-07T12:00:46Z,,23.2,27.0
2026-07-07T13:00:49Z,,23.2,27.0
2026-07-07T14:00:47Z,,23.5,30.0
2026-07-07T15:00:47Z,,23.5,30.0
2026-07-07T15:45:35Z,,23.5,29.0
2026-07-07T16:00:46Z,,23.5,29.0
2026-07-07T17:00:44Z,,23.5,29.0
2026-07-07T18:00:45Z,,23.5,29.0
2026-07-07T18:06:48Z,,23.5,29.0
2026-07-07T19:00:44Z,,23.5,29.0
2026-07-07T20:00:43Z,,23.5,29.0
2026-07-07T20:52:35Z,,23.5,29.0
2026-07-07T21:00:48Z,,23.5,29.0
2026-07-07T22:00:47Z,,23.5,29.0
2026-07-07T22:16:56Z,,23.5,29.0
2026-07-07T23:00:48Z,,23.5,29.0
2026-07-08T00:00:46Z,,23.5,29.0
2026-07-08T00:04:55Z,,23.5,29.0
2026-07-08T01:00:44Z,,23.5,29.0
2026-07-08T02:00:46Z,,23.5,29.0
2026-07-08T03:00:46Z,,23.5,29.0
2026-07-08T04:00:48Z,,23.5,29.0
2026-07-08T04:20:21Z,,23.5,29.0
2026-07-08T05:00:47Z,,23.5,29.0
2026-07-08T06:00:48Z,,23.5,29.0
2026-07-08T07:00:47Z,,23.5,29.0
2026-07-08T07:34:49Z,,22.6,20.0
2026-07-08T08:00:43Z,,22.6,20.0
2026-07-08T09:00:45Z,,22.6,20.0
2026-07-08T10:00:43Z,,22.6,20.0
2026-07-08T10:26:32Z,,22.6,23.0
2026-07-08T11:00:46Z,,22.6,23.0
2026-07-08T12:00:47Z,,22.6,23.0
2026-07-08T12:26:11Z,,22.6,23.0
2026-07-08T13:00:50Z,,22.6,23.0
2026-07-08T14:00:58Z,,22.8,24.0
2026-07-08T15:00:51Z,,22.8,24.0
2026-07-08T15:27:28Z,,22.8,24.0
2026-07-08T16:00:49Z,,22.8,24.0
2026-07-08T17:00:54Z,,23.0,25.0
2026-07-08T17:45:38Z,,23.0,25.0
2026-07-08T18:00:49Z,,23.0,25.0
2026-07-08T19:00:48Z,,23.0,25.0
2026-07-08T19:45:09Z,,23.0,25.0
2026-07-08T20:00:48Z,,23.0,25.0
2026-07-08T21:00:48Z,,23.0,25.0
2026-07-08T21:16:18Z,,23.0,25.0
2026-07-08T22:00:50Z,,23.0,25.0
2026-07-08T23:00:53Z,,23.0,25.0
2026-07-08T23:15:56Z,,23.0,25.0
2026-07-09T00:00:48Z,,23.0,25.0
2026-07-09T01:00:47Z,,23.0,25.0
2026-07-09T02:00:50Z,,23.0,25.0
2026-07-09T03:00:51Z,,23.0,25.0
2026-07-09T03:59:43Z,,23.0,25.0
2026-07-09T04:00:50Z,,23.0,25.0
2026-07-09T05:00:51Z,,23.0,25.0
2026-07-09T06:00:46Z,,23.0,25.0
2026-07-09T07:00:52Z,,23.0,25.0
2026-07-09T07:54:07Z,,23.0,25.0
2026-07-09T08:00:48Z,,23.0,25.0
2026-07-09T09:00:53Z,,22.5,22.0
2026-07-09T10:00:51Z,,22.9,23.0
2026-07-09T11:00:50Z,,22.9,23.0
2026-07-09T11:13:14Z,,22.9,23.0
2026-07-09T12:10:47Z,,22.9,23.0
2026-07-09T13:01:02Z,,22.9,23.0
2026-07-09T14:00:47Z,,23.6,26.0
2026-07-09T15:00:48Z,,23.6,26.0
2026-07-09T15:26:49Z,,23.6,26.0
2026-07-09T16:00:50Z,,23.9,27.0
2026-07-09T17:00:46Z,,23.9,27.0
2026-07-09T18:00:50Z,,23.9,27.0
2026-07-09T18:03:49Z,,23.9,27.0
2026-07-09T19:00:47Z,,23.9,27.0
2026-07-09T20:00:46Z,,23.9,27.0
2026-07-09T20:52:09Z,,23.9,27.0
2026-07-09T21:00:45Z,,23.9,27.0
2026-07-09T22:00:48Z,,23.9,27.0
2026-07-09T22:37:14Z,,23.9,27.0
2026-07-09T23:00:47Z,,23.9,27.0
2026-07-10T00:00:49Z,,23.9,27.0
2026-07-10T00:12:08Z,,23.9,27.0
2026-07-10T01:00:44Z,,23.9,27.0
2026-07-10T02:00:46Z,,23.9,27.0
2026-07-10T03:00:47Z,,23.9,27.0
2026-07-10T04:00:47Z,,23.9,27.0
2026-07-10T04:59:03Z,,23.9,27.0
2026-07-10T05:00:46Z,,23.9,27.0
2026-07-10T06:00:45Z,,23.9,27.0
2026-07-10T07:00:48Z,,23.9,27.0
2026-07-10T08:00:44Z,,23.0,23.0
2026-07-10T08:31:51Z,,23.0,23.0
2026-07-10T09:00:46Z,,23.0,23.0
2026-07-10T10:00:49Z,,23.0,23.0
2026-07-10T11:00:46Z,,23.5,26.0
2026-07-10T12:00:51Z,,23.5,26.0
2026-07-10T12:04:09Z,,23.5,26.0
2026-07-10T13:00:50Z,,23.9,28.0
2026-07-10T14:00:44Z,,24.2,29.0
2026-07-10T15:00:47Z,,24.4,30.0
2026-07-10T15:35:33Z,,24.4,30.0
2026-07-10T16:00:48Z,,24.4,30.0
2026-07-10T17:00:50Z,,24.6,29.0
2026-07-10T17:52:26Z,,24.6,29.0
2026-07-10T18:00:48Z,,24.6,29.0
2026-07-10T19:00:49Z,,24.6,29.0
2026-07-10T19:43:18Z,,24.6,29.0
2026-07-10T20:00:51Z,,24.6,29.0
2026-07-10T21:00:51Z,,24.6,29.0
2026-07-10T21:12:58Z,,24.6,29.0
2026-07-10T22:00:49Z,,24.6,29.0
2026-07-10T23:00:51Z,,24.6,29.0
2026-07-10T23:04:31Z,,24.6,29.0
2026-07-11T00:00:53Z,,24.6,29.0
2026-07-11T01:00:51Z,,24.6,29.0
2026-07-11T02:00:49Z,,24.6,29.0
2026-07-11T03:00:48Z,,24.6,29.0
2026-07-11T03:26:49Z,,24.6,29.0
2026-07-11T04:00:47Z,,24.6,29.0
2026-07-11T05:00:49Z,,24.6,29.0
2026-07-11T06:00:49Z,,24.6,29.0
2026-07-11T06:20:55Z,,24.6,29.0
2026-07-11T07:00:49Z,,24.6,29.0
2026-07-11T08:00:47Z,,24.6,29.0
2026-07-11T08:52:46Z,,23.4,25.0
2026-07-11T09:00:47Z,,23.4,25.0
2026-07-11T10:00:47Z,,23.5,26.0
2026-07-11T10:20:36Z,,23.5,26.0
2026-07-11T11:00:50Z,,23.5,26.0
2026-07-11T11:57:37Z,,24.0,28.0
2026-07-11T12:00:46Z,,24.0,28.0
2026-07-11T13:00:48Z,,24.4,29.0
2026-07-11T13:46:15Z,,24.4,29.0
2026-07-11T14:00:49Z,,24.4,29.0
2026-07-11T15:00:48Z,,24.6,30.0
2026-07-11T15:02:10Z,,24.6,30.0
2026-07-11T16:00:46Z,,24.6,30.0
2026-07-11T17:00:46Z,,24.9,30.0
2026-07-11T17:05:09Z,,24.9,30.0
2026-07-11T18:00:45Z,,24.9,30.0
2026-07-11T19:00:47Z,,24.9,30.0
2026-07-11T19:14:52Z,,24.9,30.0
2026-07-11T20:00:44Z,,24.9,30.0
2026-07-11T20:58:53Z,,24.9,30.0
2026-07-11T21:00:50Z,,24.9,30.0
2026-07-11T21:59:42Z,,24.9,30.0
2026-07-11T22:00:50Z,,24.9,30.0
2026-07-11T23:00:51Z,,24.9,30.0
2026-07-11T23:03:44Z,,24.9,30.0
2026-07-12T00:00:53Z,,24.9,30.0
2026-07-12T01:01:26Z,,24.9,30.0
2026-07-12T02:00:49Z,,24.9,30.0
2026-07-12T03:00:47Z,,24.9,30.0
2026-07-12T03:38:28Z,,24.9,30.0
2026-07-12T04:00:48Z,,24.9,30.0
2026-07-12T06:00:48Z,,24.9,30.0
2026-07-12T06:41:09Z,,24.9,30.0
2026-07-12T07:00:49Z,,24.9,30.0
2026-07-12T08:00:49Z,,24.9,30.0
2026-07-12T09:00:50Z,,24.9,30.0
2026-07-12T09:08:04Z,,24.9,30.0
2026-07-12T10:00:51Z,,23.9,24.0
2026-07-12T11:00:47Z,,23.9,24.0
2026-07-12T11:17:05Z,,24.4,27.0
2026-07-12T12:00:50Z,,24.4,27.0
2026-07-12T13:00:48Z,,24.4,27.0
2026-07-12T13:43:17Z,,24.4,27.0
2026-07-12T14:00:46Z,,24.4,27.0
2026-07-12T15:00:49Z,,25.0,30.0
2026-07-12T15:04:06Z,,25.0,30.0
2026-07-12T16:00:50Z,,25.0,30.0
2026-07-12T17:00:51Z,,25.2,31.0
2026-07-12T17:07:33Z,,25.2,31.0
2026-07-12T18:00:49Z,,25.2,31.0
2026-07-12T19:00:51Z,,25.2,31.0
2026-07-12T19:15:20Z,,25.2,31.0
2026-07-12T20:00:51Z,,25.2,31.0
2026-07-12T20:59:20Z,,25.2,31.0
2026-07-12T21:00:57Z,,25.2,31.0
2026-07-12T22:00:55Z,,25.2,31.0
2026-07-12T22:02:12Z,,25.2,31.0
2026-07-12T23:00:51Z,,25.2,31.0
2026-07-13T00:00:52Z,,25.2,31.0
2026-07-13T00:01:18Z,,25.2,31.0
2026-07-13T01:00:51Z,,25.2,31.0
2026-07-13T02:00:51Z,,25.2,31.0
2026-07-13T03:00:50Z,,25.2,31.0
2026-07-13T04:00:53Z,,25.2,31.0
2026-07-13T04:35:13Z,,25.2,31.0
2026-07-13T05:00:51Z,,25.2,31.0
2026-07-13T06:00:50Z,,25.2,31.0
2026-07-13T07:00:52Z,,25.2,31.0
2026-07-13T08:00:54Z,,23.9,24.0
2026-07-13T08:21:38Z,,23.9,24.0
2026-07-13T09:00:53Z,,23.9,24.0
2026-07-13T10:00:53Z,,23.9,24.0
2026-07-13T11:00:51Z,,23.9,24.0
2026-07-13T12:00:53Z,,24.9,29.0
2026-07-13T12:13:31Z,,24.9,29.0
2026-07-13T13:00:55Z,,24.9,31.0
2026-07-13T14:00:52Z,,24.9,31.0
2026-07-13T15:00:52Z,,25.2,31.0
2026-07-13T15:45:39Z,,25.2,31.0
2026-07-13T16:00:55Z,,25.2,31.0
2026-07-13T17:00:57Z,,25.2,30.0
2026-07-13T18:00:37Z,,25.2,30.0
2026-07-13T18:00:54Z,,25.2,30.0
2026-07-13T19:00:53Z,,25.2,30.0
2026-07-13T20:00:55Z,,25.2,30.0
2026-07-13T20:19:21Z,,25.2,30.0
2026-07-13T21:00:53Z,,25.2,30.0
2026-07-13T22:00:57Z,,25.2,30.0
2026-07-13T22:01:43Z,,25.2,30.0
2026-07-13T23:00:51Z,,25.2,30.0
2026-07-13T23:58:14Z,,25.2,30.0
2026-07-14T00:00:51Z,,25.2,30.0
2026-07-14T01:00:49Z,,25.2,30.0
2026-07-14T02:00:52Z,,25.2,30.0
2026-07-14T03:00:51Z,,25.2,30.0
2026-07-14T03:23:22Z,,25.2,30.0
2026-07-14T04:00:48Z,,25.2,30.0
2026-07-14T05:00:50Z,,25.2,30.0
2026-07-14T06:00:51Z,,25.2,30.0
2026-07-14T06:18:22Z,,25.2,30.0
2026-07-14T07:00:50Z,,24.1,21.0
2026-07-14T08:00:51Z,,24.1,21.0
2026-07-14T09:00:53Z,,24.1,21.0
2026-07-14T09:09:52Z,,24.1,21.0
2026-07-14T10:00:53Z,,24.1,21.0
2026-07-14T11:00:50Z,,24.0,21.0
2026-07-14T11:36:54Z,,24.0,21.0
2026-07-14T12:00:53Z,,24.0,21.0
2026-07-14T13:00:54Z,,24.6,27.0
2026-07-14T14:00:53Z,,24.6,27.0
2026-07-14T14:01:48Z,,24.6,27.0
2026-07-14T15:00:56Z,,24.6,27.0
2026-07-14T16:00:53Z,,25.1,29.0
2026-07-14T16:20:46Z,,25.1,29.0
2026-07-14T17:00:51Z,,25.1,29.0
2026-07-14T18:00:56Z,,25.1,29.0
2026-07-14T18:09:49Z,,25.1,29.0
2026-07-14T19:00:52Z,,25.1,29.0
2026-07-14T20:00:54Z,,25.1,29.0
2026-07-14T20:18:12Z,,25.1,29.0
2026-07-14T21:00:52Z,,25.1,29.0
2026-07-14T22:00:57Z,,25.1,29.0
2026-07-14T22:04:42Z,,25.1,29.0
2026-07-14T23:00:52Z,,25.1,29.0
2026-07-14T23:58:02Z,,25.1,29.0
2026-07-15T00:00:52Z,,25.1,29.0
2026-07-15T01:00:54Z,,25.1,29.0
2026-07-15T02:00:50Z,,25.1,29.0
2026-07-15T03:00:52Z,,25.1,29.0
2026-07-15T03:23:24Z,,25.1,29.0
2026-07-15T04:00:51Z,,25.1,29.0
2026-07-15T05:00:52Z,,24.3,18.0
2026-07-15T06:00:50Z,,24.3,18.0
2026-07-15T06:22:09Z,,24.3,18.0
2026-07-15T07:00:50Z,,24.2,18.0
2026-07-15T08:00:51Z,,24.2,18.0
2026-07-15T09:00:52Z,,24.2,18.0
2026-07-15T09:15:21Z,,24.2,18.0
2026-07-15T10:00:53Z,,24.2,18.0
2026-07-15T11:00:51Z,,24.2,22.0
2026-07-15T11:40:36Z,,24.2,22.0
2026-07-15T12:00:53Z,,24.2,22.0
2026-07-15T13:00:52Z,,24.2,22.0
2026-07-15T13:58:45Z,,24.8,25.0
2026-07-15T14:00:54Z,,24.8,25.0
2026-07-15T15:00:58Z,,24.8,25.0
2026-07-15T15:41:59Z,,24.8,25.0
2026-07-15T16:00:55Z,,24.8,25.0
2026-07-15T17:00:54Z,,24.8,25.0
2026-07-15T17:24:15Z,,24.8,25.0
2026-07-15T18:00:51Z,,24.8,25.0
2026-07-15T19:00:49Z,,24.8,25.0
2026-07-15T19:22:33Z,,24.8,25.0
2026-07-15T20:00:52Z,,24.8,25.0
2026-07-15T21:00:53Z,,24.8,25.0
2026-07-15T21:07:42Z,,24.8,25.0
2026-07-15T22:00:53Z,,24.8,25.0
2026-07-15T23:00:52Z,,24.8,25.0
2026-07-15T23:03:27Z,,24.8,25.0
2026-07-16T00:00:51Z,,24.8,25.0
2026-07-16T01:00:49Z,,24.8,25.0
2026-07-16T02:00:50Z,,24.8,25.0
2026-07-16T03:00:52Z,,24.8,25.0
2026-07-16T03:22:00Z,,24.8,25.0
2026-07-16T04:00:48Z,,24.8,25.0
2026-07-16T05:00:52Z,,24.8,25.0
2026-07-16T06:00:50Z,,24.8,25.0
2026-07-16T06:25:28Z,,24.8,25.0
2026-07-16T07:00:52Z,,24.8,25.0
2026-07-16T08:00:48Z,,24.1,21.0
2026-07-16T09:00:51Z,,24.1,21.0
2026-07-16T09:20:09Z,,24.1,21.0
2026-07-16T10:00:51Z,,24.7,21.0
2026-07-16T11:00:55Z,,24.7,21.0
2026-07-16T11:46:05Z,,24.7,21.0
2026-07-16T12:00:51Z,,24.7,21.0
2026-07-16T13:00:51Z,,24.9,29.0
2026-07-16T14:00:55Z,,24.9,29.0
2026-07-16T14:10:11Z,,24.9,29.0
2026-07-16T15:00:44Z,,25.2,29.0
2026-07-16T16:00:44Z,,25.2,29.0
2026-07-16T16:23:08Z,,25.2,29.0
2026-07-16T17:00:45Z,,25.2,29.0
2026-07-16T18:00:42Z,,25.2,29.0
2026-07-16T18:11:45Z,,25.2,29.0
2026-07-16T19:00:44Z,,25.2,29.0
2026-07-16T20:00:41Z,,25.2,29.0
2026-07-16T20:06:23Z,,25.2,29.0
2026-07-16T21:00:44Z,,25.2,29.0
2026-07-16T22:00:46Z,,25.2,29.0
2026-07-16T22:08:47Z,,25.2,29.0
2026-07-16T23:00:44Z,,25.2,29.0
2026-07-17T00:00:47Z,,25.2,29.0
2026-07-17T00:03:52Z,,25.2,29.0
2026-07-17T01:00:42Z,,25.2,29.0
2026-07-17T02:00:44Z,,25.2,29.0
2026-07-17T03:00:44Z,,25.2,29.0
2026-07-17T04:00:43Z,,25.2,29.0
2026-07-17T04:13:11Z,,25.2,29.0
2026-07-17T06:00:41Z,,25.2,29.0
2026-07-17T07:00:48Z,,25.2,29.0
2026-07-17T07:22:53Z,,25.2,29.0
2026-07-17T08:00:40Z,,25.2,29.0
2026-07-17T09:00:43Z,,25.2,29.0
2026-07-17T10:00:43Z,,24.3,24.0
2026-07-17T10:05:49Z,,24.3,24.0
2026-07-17T11:00:42Z,,24.4,26.0
2026-07-17T12:00:42Z,,24.4,26.0
2026-07-17T12:15:35Z,,24.4,26.0
2026-07-17T13:00:43Z,,24.4,26.0
2026-07-17T14:00:46Z,,24.8,27.0
2026-07-17T14:48:36Z,,24.8,27.0
2026-07-17T15:00:49Z,,24.8,27.0
2026-07-17T16:00:44Z,,24.8,27.0
2026-07-17T16:20:46Z,,24.8,27.0
2026-07-17T17:00:44Z,,24.8,27.0
2026-07-17T18:00:43Z,,24.8,27.0
2026-07-17T18:11:10Z,,24.8,27.0
2026-07-17T19:00:44Z,,24.8,27.0
2026-07-17T20:00:41Z,,24.8,27.0
2026-07-17T20:10:56Z,,24.8,27.0
2026-07-17T21:00:40Z,,24.8,27.0
2026-07-17T21:59:31Z,,24.8,27.0
2026-07-17T22:00:45Z,,24.8,27.0
2026-07-17T23:00:41Z,,24.8,27.0
2026-07-17T23:00:57Z,,24.8,27.0
2026-07-18T00:00:44Z,,24.8,27.0
2026-07-18T01:00:38Z,,24.8,27.0
2026-07-18T02:00:40Z,,24.8,27.0
2026-07-18T03:00:39Z,,24.8,27.0
2026-07-18T03:14:07Z,,24.8,27.0
2026-07-18T04:00:38Z,,24.8,27.0
2026-07-18T05:00:40Z,,24.8,27.0
2026-07-18T06:00:38Z,,24.8,27.0
2026-07-18T06:10:41Z,,24.8,27.0
2026-07-18T07:00:40Z,,24.8,27.0
2026-07-18T08:00:36Z,,24.8,27.0
2026-07-18T08:52:56Z,,23.8,21.0
2026-07-18T09:00:38Z,,23.8,21.0
2026-07-18T10:00:38Z,,24.8,23.0
2026-07-18T10:23:49Z,,24.1,23.0
2026-07-18T11:00:41Z,,24.1,23.0
2026-07-18T11:57:30Z,,24.2,24.0
2026-07-18T12:00:39Z,,24.2,24.0
2026-07-18T13:00:38Z,,24.2,24.0
2026-07-18T13:40:55Z,,24.4,24.0
2026-07-18T14:00:37Z,,24.4,24.0
2026-07-18T15:01:14Z,,24.4,24.0
2026-07-18T15:01:34Z,,24.4,24.0
2026-07-18T16:00:38Z,,24.4,24.0
2026-07-18T17:00:40Z,,24.4,24.0
2026-07-18T17:03:58Z,,24.4,24.0
2026-07-18T18:00:38Z,,24.4,24.0
2026-07-18T19:00:40Z,,24.4,24.0
2026-07-18T19:14:10Z,,24.4,24.0
2026-07-18T20:00:36Z,,24.4,24.0
2026-07-18T20:58:53Z,,24.4,24.0
2026-07-18T21:00:41Z,,24.4,24.0
2026-07-18T21:59:44Z,,24.4,24.0
2026-07-18T22:00:41Z,,24.4,24.0
2026-07-18T23:00:40Z,,24.4,24.0
2026-07-18T23:03:27Z,,24.4,24.0
2026-07-19T00:00:45Z,,24.4,24.0
2026-07-19T01:01:15Z,,24.4,24.0
2026-07-19T02:00:42Z,,24.4,24.0
2026-07-19T03:00:40Z,,24.4,24.0
2026-07-19T03:34:30Z,,24.4,24.0
2026-07-19T04:00:42Z,,24.4,24.0
2026-07-19T05:00:40Z,,24.4,24.0
2026-07-19T06:00:39Z,,24.4,24.0
2026-07-19T06:37:06Z,,24.4,24.0
2026-07-19T07:00:38Z,,24.4,24.0
2026-07-19T09:08:57Z,,24.4,24.0
2026-07-19T11:14:12Z,,23.3,18.0
2026-07-19T13:39:55Z,,23.3,18.0
2026-07-19T15:03:13Z,,23.3,18.0
2026-07-19T17:06:16Z,,23.3,18.0
2026-07-19T19:15:46Z,,23.3,18.0
2026-07-19T20:59:31Z,,23.3,18.0
2026-07-19T22:03:55Z,,23.3,18.0
2026-07-20T00:03:10Z,,23.3,18.0
2026-07-20T04:40:47Z,,23.3,18.0
2026-07-20T08:11:57Z,,22.5,16.0
2026-07-20T11:52:01Z,,23.2,21.0
2026-07-20T14:23:37Z,,23.6,23.0
2026-07-20T16:37:46Z,,23.7,23.0
2026-07-20T18:58:16Z,,23.7,23.0
2026-07-20T20:36:22Z,,23.7,23.0
2026-07-20T22:06:39Z,,23.7,23.0
2026-07-21T00:02:48Z,,23.7,23.0
2026-07-21T04:19:51Z,,23.7,23.0
2026-07-21T07:37:02Z,,22.1,13.0
2026-07-21T10:30:38Z,,22.5,19.0
2026-07-21T12:26:58Z,,22.5,19.0
2026-07-21T15:08:54Z,,23.1,22.0
2026-07-21T17:36:29Z,,23.1,22.0
2026-07-21T19:41:58Z,,23.1,22.0
2026-07-21T21:18:26Z,,23.1,22.0
2026-07-21T23:03:26Z,,23.1,22.0
2026-07-22T03:27:12Z,,23.1,22.0
2026-07-22T06:36:22Z,,21.4,13.0
2026-07-22T09:31:52Z,,21.5,18.0
2026-07-22T11:53:46Z,,21.9,22.0
2026-07-22T14:12:05Z,,22.0,24.0
2026-07-22T16:25:31Z,,22.8,25.0
2026-07-22T18:13:59Z,,22.8,25.0
2026-07-22T20:16:08Z,,22.8,25.0
2026-07-22T22:10:39Z,,22.8,25.0
2026-07-23T00:07:25Z,,22.8,25.0
2026-07-23T04:20:38Z,,22.8,25.0
2026-07-23T07:38:13Z,,21.8,15.0
2026-07-23T10:30:37Z,,21.9,19.0
2026-07-23T12:43:33Z,,22.1,19.0
2026-07-23T15:16:12Z,,21.9,22.0
2026-07-23T17:38:29Z,,22.6,22.0
2026-07-23T19:36:19Z,,22.6,22.0
2026-07-23T21:12:43Z,,22.6,22.0
2026-07-23T23:03:34Z,,22.6,22.0
2026-07-24T03:28:23Z,,22.6,22.0
2026-07-24T06:33:13Z,,21.1,13.0
2026-07-24T09:26:13Z,,21.1,13.0
2026-07-24T11:47:07Z,,21.8,21.0
2026-07-24T14:00:12Z,,21.8,21.0
2026-07-24T16:47:18Z,,21.8,21.0
2026-07-24T18:23:02Z,,21.8,21.0
2026-07-24T20:24:41Z,,21.8,21.0
2026-07-24T22:11:00Z,,21.8,21.0
2026-07-25T00:10:07Z,,21.8,21.0
2026-07-25T04:16:29Z,,21.8,21.0
2026-07-25T07:22:30Z,,21.8,21.0
2026-07-25T09:55:41Z,,22.0,25.0
2026-07-25T11:18:27Z,,22.0,29.0
2026-07-25T13:51:05Z,,23.1,31.0
2026-07-25T15:10:16Z,,23.1,31.0
2026-07-25T17:08:04Z,,23.1,31.0
2026-07-25T19:18:47Z,,23.1,31.0
2026-07-25T21:00:50Z,,23.1,31.0
2026-07-25T23:00:04Z,,23.1,31.0
2026-07-26T00:08:51Z,,23.1,31.0
2026-07-26T04:32:00Z,,23.1,31.0
2026-07-26T07:40:14Z,,23.1,31.0
2026-07-26T10:07:00Z,,23.0,25.0
2026-07-26T12:09:57Z,,23.5,27.0
2026-07-26T14:41:27Z,,23.5,27.0
2026-07-26T16:08:23Z,,23.8,27.0
2026-07-26T18:05:19Z,,23.9,28.0
2026-07-26T20:14:50Z,,23.9,28.0
2026-07-26T22:05:05Z,,23.9,28.0
2026-07-27T00:07:01Z,,23.9,28.0
2026-07-27T04:42:49Z,,23.9,28.0
2026-07-27T08:37:57Z,,22.7,17.0
2026-07-27T12:32:26Z,,23.1,24.0
2026-07-27T15:47:55Z,,23.4,25.0
2026-07-27T17:48:26Z,,23.4,25.0
2026-07-27T19:45:05Z,,23.4,25.0
2026-07-27T21:17:59Z,,23.4,25.0
2026-07-27T23:11:46Z,,23.4,25.0
2026-07-28T03:19:38Z,,23.4,25.0
2026-07-28T06:33:21Z,,23.4,25.0
2026-07-28T09:40:20Z,,22.2,18.0
2026-07-28T12:02:25Z,,23.0,24.0
2026-07-28T15:26:08Z,,24.0,28.0
2026-07-28T17:41:08Z,,24.0,28.0
2026-07-28T19:42:46Z,,24.0,28.0
2026-07-28T21:14:00Z,,24.0,28.0
2026-07-28T23:07:19Z,,24.0,28.0
2026-07-29T03:21:35Z,,24.0,28.0
2026-07-29T06:38:19Z,,24.0,28.0
2026-07-29T09:43:13Z,,23.4,28.0
2026-07-29T12:06:42Z,,23.7,29.0
2026-07-29T15:11:58Z,,24.6,35.0
2026-07-29T17:21:55Z,,24.8,35.0
2026-07-29T19:33:48Z,,24.8,35.0
2026-07-29T21:03:48Z,,24.8,35.0
2026-07-29T23:03:28Z,,24.8,35.0
2026-07-30T02:55:05Z,,24.8,35.0
2026-07-30T05:49:28Z,,24.8,35.0
2026-07-30T08:40:27Z,,23.8,24.0
2026-07-30T11:14:57Z,,24.4,31.0
2026-07-30T14:21:59Z,,25.1,37.0
2026-07-30T16:41:04Z,,25.4,37.0
2026-07-30T18:22:13Z,,25.4,37.0
2026-07-30T20:18:54Z,,25.4,37.0
2026-07-30T22:13:14Z,,25.4,37.0
2026-07-31T00:09:38Z,,25.4,37.0
2026-07-31T04:28:50Z,,25.4,37.0
2026-07-31T07:55:43Z,,24.4,25.0
2026-07-31T10:47:35Z,,24.4,31.0
2026-07-31T13:01:11Z,,25.5,35.0
2026-07-31T16:04:12Z,,25.5,35.0
2026-07-31T18:24:21Z,,25.5,35.0
2026-07-31T20:23:53Z,,25.5,35.0
2026-07-31T22:10:43Z,,25.5,35.0
2026-08-01T00:06:00Z,,25.5,35.0
2026-08-01T04:25:13Z,,25.5,35.0
2026-08-01T07:31:43Z,,25.5,35.0
2026-08-01T10:05:20Z,,25.0,25.0
2026-08-01T12:05:33Z,,25.4,26.0
2026-08-01T14:37:32Z,,25.4,26.0
2026-08-01T16:06:08Z,,25.8,26.0
2026-08-01T18:03:46Z,,25.8,26.0
2026-08-01T20:12:10Z,,25.8,26.0
2026-08-01T22:02:01Z,,25.8,26.0
2026-08-02T00:02:43Z,,25.8,26.0
2026-08-02T04:28:30Z,,25.8,26.0
2026-08-02T07:35:39Z,,25.8,26.0
2026-08-02T10:03:53Z,,25.0,24.0
2026-08-02T12:08:59Z,,25.0,24.0
2026-08-02T14:39:55Z,,26.0,31.0
2026-08-02T16:06:09Z,,26.3,33.0
2026-08-02T18:04:15Z,,26.3,33.0
2026-08-02T20:13:54Z,,26.3,33.0
2026-08-02T22:00:55Z,,26.3,33.0
2026-08-03T00:03:51Z,,26.3,33.0
2026-08-03T04:35:28Z,,26.3,33.0
2026-08-03T08:34:58Z,,26.3,33.0
2026-08-03T12:32:08Z,,25.4,28.0
2026-08-03T15:47:50Z,,26.7,33.0
2026-08-03T17:57:51Z,,26.8,34.0
2026-08-03T19:49:18Z,,26.8,34.0
2026-08-03T21:12:07Z,,26.8,34.0
2026-08-03T23:10:25Z,,26.8,34.0
2026-08-04T03:22:57Z,,26.8,34.0
2026-08-04T06:34:00Z,,26.8,34.0
2026-08-04T09:42:46Z,,26.1,29.0
2026-08-04T12:06:02Z,,26.4,31.0
2026-08-04T15:28:46Z,,27.6,35.0
2026-08-04T17:55:57Z,,27.6,35.0
2026-08-04T19:47:06Z,,27.6,35.0
2026-08-04T21:19:17Z,,27.6,35.0
2026-08-04T23:09:29Z,,27.6,35.0
2026-08-05T03:18:14Z,,27.6,35.0
2026-08-05T06:34:52Z,,27.6,35.0
2026-08-05T09:41:24Z,,26.6,26.0
2026-08-05T12:04:09Z,,26.7,29.0
2026-08-05T15:20:21Z,,27.0,31.0
2026-08-05T17:47:50Z,,27.0,31.0
2026-08-05T19:45:24Z,,27.0,31.0
2026-08-05T21:18:53Z,,27.0,31.0
2026-08-05T23:08:05Z,,27.0,31.0
2026-08-06T03:21:19Z,,27.0,31.0
2026-08-06T06:37:46Z,,27.0,31.0
2026-08-06T09:44:09Z,,26.0,21.0
2026-08-06T12:06:52Z,,26.1,25.0
2026-08-06T15:20:10Z,,26.3,27.0
2026-08-07T00:08:42Z,,26.3,26.0
2026-08-07T03:54:21Z,,26.3,26.0
2026-08-07T05:45:33Z,,26.3,26.0
2026-08-07T07:34:25Z,,26.3,26.0
2026-08-07T09:07:29Z,,25.0,21.0
2026-08-07T10:59:00Z,,25.2,23.0
2026-08-07T11:52:38Z,,25.2,23.0
2026-08-07T13:18:48Z,,25.2,23.0
2026-08-07T15:00:08Z,,26.1,26.0
2026-08-07T16:05:14Z,,26.1,26.0
2026-08-07T17:53:05Z,,26.1,26.0
2026-08-07T19:06:13Z,,26.1,26.0
2026-08-07T20:49:36Z,,26.1,26.0
2026-08-07T21:47:09Z,,26.1,26.0
2026-08-07T22:44:56Z,,26.1,26.0
2026-08-07T23:39:09Z,,26.1,26.0
2026-08-08T02:05:21Z,,26.1,26.0
2026-08-08T04:15:10Z,,26.1,26.0
2026-08-08T05:47:25Z,,24.6,12.0
2026-08-08T07:03:57Z,,24.6,12.0
2026-08-08T08:50:43Z,,24.6,12.0
2026-08-08T09:44:35Z,,24.7,25.0
2026-08-08T10:40:09Z,,24.7,25.0
2026-08-08T11:34:38Z,,25.0,27.0
2026-08-08T13:02:39Z,,25.0,27.0
2026-08-08T14:38:20Z,,25.5,29.0
2026-08-08T15:36:09Z,,25.7,30.0
2026-08-08T16:41:57Z,,25.7,30.0
2026-08-08T17:36:47Z,,25.7,30.0
2026-08-08T18:48:52Z,,25.7,30.0
2026-08-08T19:35:27Z,,25.7,30.0
2026-08-08T20:37:46Z,,25.7,30.0
2026-08-08T21:36:49Z,,25.7,30.0
2026-08-08T22:36:16Z,,25.7,30.0
2026-08-08T23:35:00Z,,25.7,30.0
2026-08-09T02:15:55Z,,25.7,30.0
2026-08-09T04:22:52Z,,25.7,30.0
2026-08-09T05:51:08Z,,25.7,30.0
2026-08-09T07:06:02Z,,25.7,30.0
2026-08-09T08:52:40Z,,24.0,24.0
2026-08-09T09:48:12Z,,24.0,24.0
2026-08-09T10:41:16Z,,24.0,24.0
2026-08-09T11:35:51Z,,24.0,24.0
2026-08-09T13:05:13Z,,25.0,31.0
2026-08-09T14:41:08Z,,25.5,34.0
2026-08-09T15:37:55Z,,25.5,34.0
2026-08-09T16:43:56Z,,25.7,35.0
2026-08-09T17:37:08Z,,25.7,35.0
2026-08-09T18:51:43Z,,25.7,35.0
2026-08-09T19:39:04Z,,25.7,35.0
2026-08-09T20:40:57Z,,25.7,35.0
2026-08-09T21:39:25Z,,25.7,35.0
2026-08-09T22:38:08Z,,25.7,35.0
2026-08-09T23:37:57Z,,25.7,35.0
2026-08-10T02:22:09Z,,25.7,35.0
2026-08-10T04:45:06Z,,25.7,35.0
2026-08-10T06:15:21Z,,25.7,35.0
2026-08-10T08:44:33Z,,24.7,24.0
2026-08-10T10:23:46Z,,24.9,28.0
2026-08-10T11:53:04Z,,25.3,30.0
2026-08-10T13:24:18Z,,25.7,33.0
2026-08-10T15:05:48Z,,25.8,33.0
2026-08-10T16:59:58Z,,25.8,33.0
2026-08-10T17:58:11Z,,25.8,33.0
2026-08-10T19:09:12Z,,25.8,33.0
2026-08-10T20:51:57Z,,25.8,33.0
2026-08-10T21:49:50Z,,25.8,33.0
2026-08-10T22:46:15Z,,25.8,33.0
2026-08-10T23:41:12Z,,25.8,33.0
2026-08-11T02:12:27Z,,25.8,33.0
2026-08-11T04:25:14Z,,25.8,33.0
2026-08-11T05:57:05Z,,25.8,33.0
2026-08-11T07:20:49Z,,24.8,20.0
2026-08-11T09:06:11Z,,25.0,24.0
2026-08-11T10:56:19Z,,25.0,24.0
2026-08-11T11:51:13Z,,25.0,24.0
2026-08-11T13:20:52Z,,25.5,28.0
2026-08-11T15:04:44Z,,25.5,28.0
2026-08-11T17:03:49Z,,26.0,30.0
2026-08-11T19:11:48Z,,26.0,30.0
2026-08-11T20:55:01Z,,26.0,30.0
2026-08-11T21:55:49Z,,26.0,30.0
2026-08-11T22:52:36Z,,26.0,30.0
2026-08-11T23:50:13Z,,26.0,30.0
2026-08-12T02:30:18Z,,26.0,30.0
2026-08-12T04:53:03Z,,26.0,30.0
2026-08-12T06:19:45Z,,26.0,30.0
2026-08-12T08:23:47Z,,24.0,18.0
2026-08-12T10:14:20Z,,24.2,23.0
2026-08-12T11:53:08Z,,24.8,28.0
2026-08-12T13:25:07Z,,25.1,29.0
2026-08-12T15:04:09Z,,25.1,29.0
2026-08-12T17:03:04Z,,25.1,29.0
2026-08-12T19:10:51Z,,25.1,29.0
2026-08-12T20:55:10Z,,25.1,29.0
2026-08-12T21:54:00Z,,25.1,29.0
2026-08-12T22:49:55Z,,25.1,29.0
2026-08-12T23:49:55Z,,25.1,29.0
2026-08-13T02:31:35Z,,25.1,29.0
2026-08-13T04:57:32Z,,25.1,29.0
2026-08-13T06:23:21Z,,23.7,16.0
2026-08-13T08:25:51Z,,23.7,16.0
2026-08-13T10:15:21Z,,24.2,26.0
2026-08-13T11:53:22Z,,24.2,26.0
2026-08-13T13:26:46Z,,24.6,28.0
2026-08-13T15:03:42Z,,25.1,31.0
2026-08-13T17:02:37Z,,25.1,31.0
2026-08-13T19:11:43Z,,25.1,31.0
2026-08-13T20:51:50Z,,25.1,31.0
2026-08-13T21:53:30Z,,25.1,31.0
2026-08-13T22:51:18Z,,25.1,31.0
2026-08-13T23:50:05Z,,25.1,31.0
2026-08-14T02:30:27Z,,25.1,31.0
2026-08-14T04:54:20Z,,25.1,31.0
2026-08-14T06:19:05Z,,25.1,31.0
2026-08-14T08:21:31Z,,23.6,22.0
2026-08-14T10:10:54Z,,23.9,26.0
2026-08-14T11:50:05Z,,23.9,26.0
2026-08-14T13:21:20Z,,24.7,32.0
2026-08-14T14:58:03Z,,24.7,32.0
2026-08-14T15:59:41Z,,25.0,32.0
2026-08-14T17:04:35Z,,25.0,32.0
2026-08-14T19:02:49Z,,25.0,32.0
2026-08-14T20:36:33Z,,25.0,32.0
2026-08-14T21:31:08Z,,25.0,32.0
2026-08-14T22:30:27Z,,25.0,32.0
2026-08-14T23:27:31Z,,25.0,32.0
2026-08-15T01:40:34Z,,25.0,32.0
2026-08-15T02:57:35Z,,25.0,32.0
2026-08-15T03:47:54Z,,25.0,32.0
2026-08-15T04:37:55Z,,25.0,32.0
2026-08-15T05:30:57Z,,25.0,32.0
2026-08-15T06:49:32Z,,25.0,32.0
2026-08-15T07:35:31Z,,23.7,23.0
2026-08-15T08:37:05Z,,23.7,23.0
2026-08-15T09:31:35Z,,24.0,27.0
2026-08-15T10:29:01Z,,24.0,27.0
2026-08-15T11:25:53Z,,24.0,27.0
2026-08-15T12:50:46Z,,24.8,34.0
2026-08-15T13:35:22Z,,24.8,34.0
2026-08-15T14:29:31Z,,24.8,34.0
2026-08-15T15:27:33Z,,25.2,35.0
2026-08-15T16:32:24Z,,25.2,35.0
2026-08-15T17:26:15Z,,25.2,35.0
2026-08-15T18:38:07Z,,25.2,35.0
2026-08-15T19:26:39Z,,25.2,35.0
2026-08-15T20:29:23Z,,25.2,35.0
2026-08-15T21:26:51Z,,25.2,35.0
2026-08-15T22:29:00Z,,25.2,35.0
2026-08-15T23:26:15Z,,25.2,35.0
2026-08-16T01:47:38Z,,25.2,35.0
2026-08-16T03:06:39Z,,25.2,35.0
2026-08-16T04:41:44Z,,25.2,35.0
2026-08-16T05:33:52Z,,25.2,35.0
2026-08-16T06:51:08Z,,25.2,35.0
2026-08-16T07:36:33Z,,25.2,35.0
2026-08-16T08:36:59Z,,25.2,35.0
2026-08-16T09:33:26Z,,24.0,24.0
2026-08-16T10:29:21Z,,24.0,24.0
2026-08-16T11:25:59Z,,24.0,24.0
2026-08-16T12:52:05Z,,24.4,28.0
2026-08-16T13:36:22Z,,24.4,28.0
2026-08-16T14:29:30Z,,24.7,29.0
2026-08-16T15:27:52Z,,24.7,29.0
2026-08-16T16:33:07Z,,24.7,29.0
2026-08-16T17:25:14Z,,24.7,29.0
2026-08-16T18:37:32Z,,24.7,26.0
2026-08-16T19:25:41Z,,24.7,26.0
2026-08-16T20:30:04Z,,24.7,26.0
2026-08-16T21:26:18Z,,24.7,26.0
2026-08-16T22:28:20Z,,24.7,26.0
2026-08-16T23:26:17Z,,24.7,26.0
2026-08-17T01:45:25Z,,24.7,26.0
2026-08-17T03:06:09Z,,24.7,26.0
2026-08-17T04:51:02Z,,24.7,26.0
2026-08-17T05:39:49Z,,24.7,26.0
2026-08-17T07:07:42Z,,24.0,21.0
2026-08-17T08:52:00Z,,24.0,21.0
2026-08-17T09:50:09Z,,24.1,23.0
2026-08-17T10:38:01Z,,24.1,23.0
2026-08-17T11:32:00Z,,24.1,23.0
2026-08-17T12:56:51Z,,24.0,21.0
2026-08-17T13:46:18Z,,24.0,21.0
2026-08-17T14:34:52Z,,24.0,20.0
2026-08-17T15:31:30Z,,24.1,21.0
2026-08-17T16:35:16Z,,24.1,21.0
2026-08-17T17:32:49Z,,24.1,21.0
2026-08-17T18:49:00Z,,24.1,21.0
2026-08-17T19:32:54Z,,24.1,21.0
2026-08-17T20:33:24Z,,24.1,21.0
2026-08-17T21:31:35Z,,24.1,21.0
2026-08-17T22:30:47Z,,24.1,21.0
2026-08-17T23:28:54Z,,24.1,21.0
2026-08-18T01:40:23Z,,24.1,21.0
2026-08-18T03:01:45Z,,24.1,21.0
2026-08-18T04:41:45Z,,24.1,21.0
2026-08-18T05:35:16Z,,23.2,16.0
2026-08-18T06:54:54Z,,23.2,16.0
2026-08-18T07:44:13Z,,23.2,16.0
2026-08-18T08:45:19Z,,23.2,16.0
2026-08-18T09:39:40Z,,23.2,21.0
2026-08-18T10:35:38Z,,23.2,21.0
2026-08-18T11:31:24Z,,23.3,21.0
2026-08-18T12:58:28Z,,23.3,21.0
2026-08-18T13:50:29Z,,23.3,20.0
2026-08-18T14:40:04Z,,23.3,20.0
2026-08-18T15:37:55Z,,23.3,20.0
2026-08-18T16:38:38Z,,23.3,20.0
2026-08-18T17:33:31Z,,23.3,20.0
2026-08-18T18:48:30Z,,23.3,20.0
2026-08-18T19:32:18Z,,23.3,20.0
2026-08-18T20:31:25Z,,23.3,20.0
2026-08-18T21:30:05Z,,23.3,20.0
2026-08-18T22:30:24Z,,23.3,20.0
2026-08-18T23:27:49Z,,23.3,20.0
2026-08-19T01:42:26Z,,23.3,20.0
2026-08-19T03:03:53Z,,23.3,20.0
2026-08-19T04:43:14Z,,23.3,20.0
2026-08-19T05:36:36Z,,23.3,20.0
2026-08-19T06:54:55Z,,23.3,20.0
2026-08-19T07:45:04Z,,23.3,20.0
2026-08-19T08:46:24Z,,23.0,22.0
2026-08-19T09:40:10Z,,23.0,23.0
2026-08-19T10:35:13Z,,23.2,25.0
2026-08-19T11:31:14Z,,23.2,25.0
2026-08-19T12:59:28Z,,23.6,28.0
2026-08-19T13:52:16Z,,23.6,28.0
2026-08-19T14:40:18Z,,23.6,28.0
2026-08-19T15:37:29Z,,24.0,31.0
2026-08-19T16:38:02Z,,24.0,31.0
2026-08-19T17:32:07Z,,24.0,31.0
2026-08-19T18:44:08Z,,24.0,27.0
2026-08-19T19:31:28Z,,24.0,27.0
2026-08-19T20:35:28Z,,24.0,27.0
2026-08-19T21:31:42Z,,24.0,27.0
2026-08-19T22:31:03Z,,24.0,27.0
2026-08-19T23:28:36Z,,24.0,27.0
2026-08-20T01:41:11Z,,24.0,27.0
2026-08-20T03:03:25Z,,24.0,27.0
2026-08-20T04:43:16Z,,24.0,27.0
2026-08-20T05:36:20Z,,24.0,27.0
2026-08-20T06:56:14Z,,24.0,27.0
2026-08-20T07:48:50Z,,23.3,22.0
2026-08-20T08:48:12Z,,23.3,22.0
2026-08-20T09:41:23Z,,23.4,24.0
2026-08-20T10:37:22Z,,23.4,24.0
2026-08-20T11:33:07Z,,23.6,25.0
2026-08-20T13:01:36Z,,23.7,26.0
2026-08-20T14:42:36Z,,23.8,28.0
2026-08-20T15:39:43Z,,23.8,28.0
2026-08-20T16:41:25Z,,23.8,28.0
2026-08-20T17:35:45Z,,23.8,28.0
2026-08-20T18:50:06Z,,23.8,28.0
2026-08-20T19:36:28Z,,23.8,28.0
2026-08-20T20:35:42Z,,23.8,28.0
2026-08-20T21:33:55Z,,23.8,28.0
2026-08-20T22:34:06Z,,23.8,28.0
2026-08-20T23:31:49Z,,23.8,28.0
2026-08-21T01:46:19Z,,23.8,28.0
2026-08-21T03:09:25Z,,23.8,28.0
2026-08-21T04:46:24Z,,23.8,28.0
2026-08-21T05:38:04Z,,23.8,28.0
2026-08-21T06:57:25Z,,23.8,28.0
2026-08-21T07:50:32Z,,23.8,28.0
2026-08-21T08:49:35Z,,23.1,19.0
2026-08-21T09:43:47Z,,23.1,19.0
2026-08-21T10:36:41Z,,23.1,19.0
2026-08-21T11:32:24Z,,23.1,19.0
2026-08-21T13:01:03Z,,23.1,19.0
2026-08-21T14:41:46Z,,22.8,16.0
2026-08-21T15:39:50Z,,22.6,14.0
2026-08-21T16:41:19Z,,22.6,14.0
2026-08-21T17:35:04Z,,22.6,14.0
2026-08-21T18:46:58Z,,22.6,14.0
2026-08-21T19:30:02Z,,22.6,14.0
